"rich","pfor","pagri","pwet","region","x","y"
21,0.0403797807251899,0.489946493807945,0.469673725466865,8,0.139790241606534,0.81180158816278
17,0.259918481467371,0.380016959069233,0.360064559463395,3,0.110002360772341,0.308777563041076
14,0.711214914178743,0.220812206673291,0.067972879147966,2,0.131674919044599,0.566647557541728
18,0.167817895946786,0.331795135253272,0.500386968799941,6,0.959328564815223,0.546373827382922
30,0.0293243619065773,0.537186510152203,0.43348912794122,10,0.152166890911758,0.222712648101151
14,0.436053768563289,0.386404812239882,0.17754141919683,2,0.234126708703116,0.72063014889136
8,0.416170852087659,0.538737923882972,0.0450912240293692,5,0.257159892469645,0.924228892894462
14,0.219882052541699,0.348532667911844,0.431585279546457,5,0.935552628012374,0.445424439618364
21,0.118835729090317,0.684137372280902,0.197026898628781,1,0.501340175280347,0.560247435700148
14,0.500738592366952,0.375552054772617,0.12370935286043,7,0.877520584035665,0.336661851266399
23,0.173261177901013,0.728090277032645,0.0986485450663414,8,0.262020344380289,0.213143866043538
9,0.793105410671184,0.173000153359283,0.0338944359695329,9,0.202999807428569,0.700212548254058
34,0.0191376804475543,0.405071340080814,0.575790979471631,7,0.352653450565413,0.964132808614522
15,0.238408826416655,0.350418517053232,0.411172656530113,6,0.701668568653986,0.789258331758901
21,0.139549831843158,0.037263873522688,0.823186294634154,1,0.930199016351253,0.376957370433956
13,0.759806349443319,0.210901090696031,0.0292925598606498,8,0.73784160008654,0.406195979332551
20,0.40606338622355,0.00624321126492105,0.58769340251153,6,0.694281254895031,0.508637429447845
14,0.367251591581554,0.484144689170581,0.148603719247864,7,0.510325519135222,0.646458378061652
13,0.534228805456145,0.358674689160838,0.107096505383017,1,0.0434884380083531,0.0119570577517152
18,0.304991152450381,0.230864967851313,0.464143879698306,4,0.293071637162939,0.136060842080042
18,0.0959432852058283,0.330715230655531,0.573341484138641,5,0.249770369147882,0.0466974449809641
26,0.0256870113361744,0.581864666553333,0.392448322110493,9,0.461807895218953,0.613490216666833
18,0.554061159944936,0.239405537628774,0.20653330242629,1,0.920242529828101,0.187347682891414
11,0.879681723052113,0.0741150797029071,0.0462031972449797,2,0.788740926422179,0.776986896060407
28,0.00546404443065318,0.686544178789451,0.307991776779896,1,0.166118227876723,0.568770615151152
29,0.296454514190427,0.177465101805457,0.526080384004116,3,0.76825703936629,0.315750054083765
18,0.127398644496315,0.435666971100749,0.436934384402936,5,0.267537213861942,0.000824646325781941
9,0.82283744038074,0.0617270413491968,0.115435518270063,7,0.34112836397253,0.0442976010963321
19,0.156545437035961,0.709204088011611,0.134250474952428,4,0.912199254147708,0.510641248431057
15,0.0140798713053482,0.705577527654726,0.280342601039925,9,0.968465471174568,0.413927880581468
6,0.750606369045495,0.211264200663999,0.0381294302905057,7,0.057829943485558,0.701138738542795
16,0.103547845295127,0.287274989119109,0.609177165585765,2,0.693618909455836,0.214282251661643
13,0.699249144200434,0.180695706346663,0.120055149452904,4,0.460310310125351,0.297277263132855
13,0.149663103169326,0.312844946929957,0.537491949900717,7,0.275387755595148,0.612015944439918
16,0.235903816313965,0.0963646207913352,0.6677315628947,5,0.419970932649449,0.818051195703447
15,0.476602762683075,0.448212375295034,0.0751848620218917,3,0.971784670837224,0.619561712490395
10,0.66527549508328,0.327629409010171,0.00709509590654915,9,0.0634696513880044,0.428810960613191
9,0.37480195682071,0.191362964998858,0.433835078180432,9,0.985859888838604,0.486431943252683
12,0.584650090996388,0.250144556427385,0.165205352576227,9,0.347792760934681,0.183880128897727
16,0.167528685169771,0.792310853244198,0.0401604615860312,2,0.299939868040383,0.308090058388188
13,0.546644251090351,0.168589646124224,0.284766102785425,2,0.585970541229472,0.940976285608485
33,0.0284406834133003,0.34443570729516,0.62712360929154,8,0.489303261041641,0.616671040421352
24,0.108067763432896,0.139960251230161,0.751971985336943,5,0.718702893704176,0.319503393955529
25,0.151440971994695,0.438495102071339,0.410063925933966,4,0.927393088815734,0.679250965826213
19,0.105688514142401,0.795246361864002,0.0990651239935967,1,0.285147298825905,0.545488681411371
15,0.3395217827897,0.1742187155459,0.4862595016644,8,0.12571748602204,0.699023228371516
24,0.232797641572792,0.0133889068139936,0.753813451613214,2,0.826141066616401,0.261300618760288
28,0.15653628583444,0.351576486746328,0.491887227419232,1,0.608069226145744,0.436773196328431
26,0.0555980248761656,0.809046973965511,0.135355001158323,10,0.546767061576247,0.37577003845945
16,0.404913133479461,0.379341282222458,0.215745584298081,6,0.71699263737537,0.85436586337164
12,0.559016824989778,0.076841857228801,0.364141317781421,8,0.751925025135279,0.77327228221111
11,0.411168436580246,0.0332552564896413,0.555576306930113,1,0.0573657352942973,0.545902650337666
25,0.252226343686902,0.0829232839117726,0.664850372401325,8,0.491330642951652,0.647332904161885
26,0.171383107526603,0.589539928221609,0.239076964251788,1,0.808543842518702,0.0658651895355433
17,0.298288779355837,0.162552929382198,0.539158291261965,5,0.721813444979489,0.653811670606956
11,0.281185560605644,0.22280355410481,0.496010885289546,1,0.555736575741321,0.92915184609592
17,0.398146520311898,0.121673885652809,0.480179594035293,10,0.113140749046579,0.860548804048449
19,0.0052016286126819,0.342657471153907,0.652140900233411,10,0.723186270333827,0.797803825931624
26,0.103156312952095,0.0357867613596328,0.861056925688272,8,0.0925163179636002,0.213363927556202
31,0.0710377294724875,0.0501648006681006,0.878797469859412,3,0.446744062472135,0.969357035122812
28,0.116869379341188,0.306870199218191,0.576260421440622,1,0.829446365823969,0.727770710829645
25,0.0111944918482571,0.926033363804671,0.0627721443470717,1,0.812373955268413,0.34396352735348
18,0.583606215529294,0.0864903587865183,0.329903425684188,1,0.805106687359512,0.144011767581105
12,0.330989287492576,0.567355412323604,0.101655300183819,9,0.385928065516055,0.138557519763708
7,0.70804137022658,0.236347347949317,0.0556112818241031,4,0.855607396457344,0.845946103567258
24,0.388679474173735,0.459210522522466,0.152110003303799,2,0.714623597217724,0.571411172393709
23,0.126414092244771,0.0102305053004662,0.863355402454763,9,0.362950246082619,0.570485441945493
30,0.108230339697143,0.706776876278341,0.184992784024515,10,0.234587585320696,0.485697905300185
28,0.203617973125763,0.00787480233618675,0.78850722453805,2,0.447980386437848,0.151276330230758
17,0.0549025213153625,0.832797906948787,0.11229957173585,4,0.576306900940835,0.732385592535138
24,0.265120631974323,0.528472850473654,0.206406517552023,9,0.777442976366729,0.871319835074246
14,0.0257362712078367,0.543216008006849,0.431047720785314,3,0.76659305812791,0.454476065235212
6,0.498749815230906,0.44691401803398,0.0543361667351143,1,0.310686375945807,0.516090937890112
13,0.377970027458154,0.457010414637476,0.16501955790437,4,0.696090014884248,0.647604308789596
18,0.585634173247776,0.350469351414359,0.0638964753378643,7,0.867223043460399,0.72471254109405
22,0.215917660031473,0.159452807211284,0.624629532757243,6,0.604597859084606,0.96284902584739
24,0.222437982543108,0.018508233817106,0.759053783639786,8,0.92771232011728,0.0918242861516774
16,0.481473968614193,0.354319237609167,0.164206793776641,1,0.273945062654093,0.452288063475862
15,0.535703570542603,0.246556631043604,0.217739798413793,9,0.737153093563393,0.730709372553974
23,0.012636913045957,0.547008932812308,0.440354154141735,7,0.333798867883161,0.362915082136169
23,0.0445929437336494,0.830986216044308,0.124420840222042,9,0.965366952121258,0.780548718292266
29,0.191850503583113,0.344451379585835,0.463698116831052,4,0.470562694827095,0.0392387302126735
29,0.029512860836664,0.498774251569384,0.471712887593952,10,0.374377324944362,0.604245674097911
21,0.230492521638314,0.7048968703966,0.064610607965086,8,0.64118138095364,0.625295462785289
23,0.0598806323027641,0.642157606653214,0.297961761044022,9,0.924763750750571,0.173909059260041
30,0.245796261793739,0.14115519401379,0.613048544192471,2,0.729309995193034,0.389736272860318
22,0.0391196926645717,0.0839669156837931,0.876913391651635,3,0.0286345407366753,0.829488683026284
29,0.024016902242607,0.335250696826169,0.640732400931224,10,0.154635634506121,0.567461665254086
8,0.73650158868142,0.0463758398726057,0.217122571445974,8,0.598557606572285,0.0154557540081441
17,0.229232894352734,0.611991439162525,0.15877566648474,8,0.0339207374490798,0.784110329812393
18,0.428769382763362,0.0980627649492342,0.473167852287404,3,0.477686499943957,0.758476423332468
20,0.515649576611056,0.0241272552236698,0.460223168165274,7,0.78373635513708,0.311779232230037
26,0.134664043989301,0.0451706754386362,0.820165280572062,8,0.0606572690885514,0.806589150102809
14,0.175721499404042,0.643867355666852,0.180411144929106,10,0.946361165028065,0.707121997373179
27,0.340982539419228,0.0771872831773283,0.581830177403443,2,0.525274250423536,0.944644154515117
14,0.520535659287136,0.377281742318083,0.102182598394781,3,0.925386261893436,0.100993441650644
8,0.872524947702254,0.0958699792709178,0.031605073026828,10,0.75126305827871,0.818795769009739
8,0.675527055930083,0.26880952600569,0.0556634180642268,3,0.872944886330515,0.0637066813651472
24,0.113192053856079,0.275245998440021,0.6115619477039,7,0.578260059934109,0.00863796332851052
30,0.16611381864625,0.0283865537470449,0.805499627606705,1,0.895715566817671,0.587930666282773
13,0.608525544983972,0.0635367301747335,0.327937724841295,10,0.592614009743556,0.365623241057619
10,0.684465724626694,0.0679174208404474,0.247616854532858,6,0.414218537276611,0.211289608385414
25,0.444094012254785,0.0418640518309523,0.514041935914263,9,0.0820369480643421,0.0162336674984545
17,0.311417789079513,0.3971251936595,0.291457017260986,8,0.423943419475108,0.054051753366366
10,0.766773472811848,0.045436242933672,0.18779028425448,8,0.624686713796109,0.875111226458102
32,0.121765735147715,0.0387203986333395,0.839513866218946,8,0.0377523261122406,0.849630401004106
28,0.11857369722223,0.520598557868261,0.360827744909509,10,0.803744586184621,0.70881861471571
27,0.161093880526487,0.194555159079924,0.644350960393589,6,0.922772634541616,0.762520253658295
24,0.07041752083883,0.911088539305384,0.0184939398557855,6,0.381869636010379,0.51389094023034
32,0.0656190189610149,0.324410483195925,0.60997049784306,3,0.329571664566174,0.289985921466723
15,0.206525821770334,0.508823502823112,0.284650675406554,5,0.00135975843295455,0.101478858850896
28,0.201570795901261,0.18740448582583,0.611024718272909,8,0.410452253185213,0.873538648709655
23,0.181061539414351,0.658588829227454,0.160349631358195,10,0.548867795849219,0.336341251851991
24,0.114705468407601,0.875958701748911,0.00933582984348802,10,0.569965780479833,0.359714778140187
23,0.156256760333328,0.18832625543585,0.655416984230822,1,0.00909612793475389,0.381875133607537
20,0.304998980843923,0.327667017732892,0.367334001423185,4,0.934536032145843,0.776470924727619
6,0.480254917010359,0.106899783444783,0.412845299544858,5,0.209450918482617,0.872912468155846
22,0.195678175406474,0.0341438647153789,0.770177959878147,2,0.0799508700147271,0.347475746180862
31,0.139624275837682,0.151180639655689,0.709195084506628,1,0.196144176879898,0.793941866140813
17,0.564588634577049,0.0390294791490598,0.396381886273892,2,0.503600973635912,0.712436310248449
14,0.345109855571192,0.501266387813669,0.153623756615139,6,0.871208557626233,0.143878388218582
18,0.315263888768068,0.601535334216027,0.0832007770159054,1,0.291262989165261,0.0700566910672933
11,0.30894976678759,0.48092340660763,0.21012682660478,8,0.759852346498519,0.574085785541683
11,0.610089869540879,0.337541912526448,0.0523682179326734,8,0.256831068778411,0.353546927217394
14,0.327561842943386,0.48446067779187,0.187977479264744,9,0.797761455643922,0.320034940261394
4,0.690597863452781,0.302682091464272,0.00672004508294752,1,0.0487740347161889,0.944015176966786
15,0.480639039097917,0.0168554280477679,0.502505532854315,4,0.36318049649708,0.849480291362852
12,0.651044056744408,0.319368461191308,0.0295874820642845,9,0.847285974537954,0.123530901735649
8,0.549094257986286,0.42744466862671,0.0234610733870037,9,0.576433298876509,0.389766679843888
11,0.542110612428611,0.1796335921834,0.278255795387989,1,0.560247346526012,0.969802516745403
29,0.0614047004869299,0.195035958657782,0.743559340855288,6,0.643329538404942,0.598704686388373
21,0.176900018454338,0.112653585710331,0.710446395835332,10,0.596393762854859,0.951120259938762
21,0.162174012279659,0.557126818788009,0.280699168932332,10,0.134320115670562,0.488732920726761
27,0.0209542464624945,0.340381317536245,0.63866443600126,8,0.725650654407218,0.945070089539513
27,0.0242618539624232,0.81145770128652,0.164280444751057,6,0.821799997473136,0.0151226504240185
10,0.556285384185977,0.00281793667574986,0.440896679138273,1,0.592431615339592,0.129709310363978
19,0.334737860631839,0.661027128435301,0.00423501093286035,6,0.402844143798575,0.785848466679454
4,0.872014684743775,0.00650501215776919,0.121480303098456,7,0.971081599825993,0.337371525121853
26,0.00574509260190829,0.576834899539556,0.417420007858535,8,0.714701430639252,0.437202952802181
30,0.036753557846415,0.808193230944097,0.155053211209488,9,0.226024606032297,0.694777167635038
22,0.137271266272451,0.693123388897155,0.169605344830394,8,0.695936700562015,0.468482353724539
15,0.419130191952456,0.451127478368683,0.129742329678861,4,0.404086283175275,0.539796665776521
17,0.50300743925855,0.190410814646145,0.306581746095305,5,0.252167463768274,0.853183516068384
30,0.0374827118007417,0.669205603885079,0.29331168431418,2,0.203375783050433,0.566850095055997
8,0.521002362788241,0.131630507369769,0.34736712984199,4,0.351377842016518,0.810273287585005
10,0.784559763858895,0.0873891608491417,0.128051075291963,4,0.268966694362462,0.550970646319911
32,0.0328428338707504,0.081451084535397,0.885706081593853,10,0.211934222839773,0.365899745607749
12,0.570397987212854,0.1744344238441,0.255167588943046,8,0.79593716096133,0.871715311892331
15,0.688475545037074,0.00603483603265128,0.305489618930275,5,0.268590979045257,0.974187412532046
20,0.337650330005992,0.328772287984615,0.333577382009393,4,0.267783214338124,0.295545166824013
6,0.92130130938427,0.0267308247219204,0.0519678658938098,9,0.0451171239838004,0.410197245422751
9,0.764379856521156,0.199009848020978,0.0366102954578655,9,0.548013616120443,0.761476405430585
18,0.328647398553945,0.286879563937885,0.38447303750817,9,0.785938349319622,0.576135480310768
15,0.160945571594026,0.531546469923527,0.307507958482448,9,0.469096794957295,0.50397458486259
27,0.00783482465766342,0.302339311151787,0.68982586419055,3,0.417615980142727,0.917119671823457
16,0.203939009784855,0.402491921776291,0.393569068438853,6,0.296487994026393,0.221552352886647
8,0.872798104377234,0.00635959517346654,0.120842300449299,10,0.0551630000118166,0.210832816548645
7,0.545989640160647,0.293581766176832,0.160428593662521,2,0.484599867835641,0.677144958171993
25,0.0218517716029247,0.430218992993565,0.54792923540351,2,0.94570499425754,0.577500479994342
17,0.329399552137788,0.591428812382094,0.0791716354801188,3,0.239179388154298,0.935320289572701
17,0.259395054461167,0.380567906806281,0.360037038732552,8,0.21408325037919,0.0979127704631537
10,0.83003837978923,0.0488855345670492,0.121076085643721,1,0.433924043318257,0.0599071506876498
10,0.387823637927824,0.00324702917585498,0.608929332896321,6,0.907662282697856,0.645905541488901
26,0.209398808147155,0.0459720749197994,0.744629116933046,3,0.245794960064813,0.864531382918358
17,0.819037123986558,0.10069120885369,0.0802716671597523,1,0.90048466809094,0.736722617410123
23,0.54909117416692,0.121396985426728,0.329511840406352,1,0.162471117218956,0.589772172737867
16,0.55524725285257,0.29702918559092,0.147723561556511,9,0.395897532114759,0.941363682504743
26,0.121548274997972,0.310022103014753,0.568429621987276,10,0.39119463483803,0.354848220245913
12,0.644141850146261,0.249228749467529,0.10662940038621,8,0.653677511727437,0.236502846237272
13,0.43470463704727,0.215725733541484,0.349569629411246,8,0.752800431102514,0.0233346184249967
22,0.101202940207831,0.808038090890514,0.0907589689016548,10,0.115752394078299,0.15702845598571
27,0.196191064432276,0.281311512027249,0.522497423540475,4,0.359491730108857,0.122898256173357
14,0.569419046283993,0.315493769786973,0.115087183929034,10,0.703608552459627,0.818195116939023
21,0.276283699426673,0.258595504119556,0.465120796453771,8,0.807880401611328,0.422252561897039
17,0.474950698282709,0.0757678148043187,0.449281486912972,3,0.936370748095214,0.581836591707543
17,0.465598158305503,0.0336754565559084,0.500726385138589,4,0.570763625903055,0.98761874390766
17,0.402376349225468,0.35402936257674,0.243594288197792,4,0.809330098330975,0.114911457058042
29,0.1679849498391,0.231812535900762,0.600202514260137,10,0.101309760473669,0.491455732146278
22,0.0157600842881676,0.208208013526563,0.776031902185269,7,0.284039637073874,0.0927484184503555
10,0.364371147942567,0.60541380044262,0.0302150516148137,5,0.460321699734777,0.0178298312239349
16,0.510881445476685,0.249099020889067,0.240019533634248,3,0.128834613133222,0.86325356643647
16,0.20760984984392,0.0781854429555018,0.714204707200578,1,0.497056902851909,0.981961271492764
22,0.0820396972873354,0.650785920302131,0.267174382410533,2,0.596182662760839,0.345319381682202
11,0.814066928239005,0.181349667341361,0.00458340441963381,5,0.172096463851631,0.619568963302299
32,0.0400974066566071,0.0233079341924628,0.93659465915093,6,0.184271067613736,0.118306221906096
10,0.630826413815933,0.194894394541206,0.174279191642861,9,0.559556221356615,0.42887287423946
13,0.245540043969637,0.645451969861667,0.109007986168697,4,0.100460881134495,0.9562861782033
12,0.709520448215967,0.00925479668901981,0.281224755095013,6,0.890815563034266,0.649944251170382
20,0.348167645099251,0.613170827944101,0.0386615269566474,10,0.269631418166682,0.689308550674468
20,0.388426244607059,0.412067343222077,0.199506412170864,8,0.103047326905653,0.823505613254383
20,0.255720346651844,0.225389726649258,0.518889926698897,4,0.00564037053845823,0.941845235181972
17,0.316045419745463,3.16557548166675e-06,0.683951414679055,1,0.0804248545318842,0.124010164523497
26,0.0654601907951651,0.61669227651456,0.317847532690275,8,0.79060522839427,0.0881687612272799
13,0.400280590901034,0.0158221414703901,0.583897267628576,2,0.558259831275791,0.26391791109927
25,0.0604479307997717,0.438217574720867,0.501334494479362,6,0.649823242798448,0.897367782192305
8,0.674557530757391,0.124573117447072,0.200869351795537,6,0.20895010093227,0.191092059249058
10,0.602487696520665,0.23370955162031,0.163802751859025,8,0.884596626739949,0.740373624255881
14,0.53254826250751,0.0801245427813359,0.387327194711154,1,0.461104158544913,0.733446125639603
14,0.719050898393332,0.142762065484205,0.138187036122463,10,0.0300650156568736,0.554669678211212
12,0.629611633951782,0.244608123185842,0.125780242862376,1,0.837062998209149,0.039000237127766
6,0.541352027925192,0.414177668838351,0.0444703032364563,8,0.497123952955008,0.350618137745187
9,0.493228811253763,0.484355887078445,0.0224153016677914,7,0.599681028164923,0.595467427978292
9,0.603836236905369,0.108757234473534,0.287406528621098,7,0.655780146364123,0.975559679791331
13,0.454872011173748,0.128265306936675,0.416862681889577,7,0.687211693031713,0.776426212163642
27,0.0490341769153045,0.864998264304781,0.0859675587799143,6,0.48221029760316,0.569771701470017
24,0.200294837856868,0.147981470117807,0.651723692025326,4,0.872654607985169,0.136747536947951
12,0.742954106120607,0.0464199528777677,0.210625941001625,6,0.301753747975454,0.567912189988419
4,0.770764719609042,0.123980918640149,0.105254361750809,7,0.444430307717994,0.0584844646509737
7,0.761193250415128,0.223924434602482,0.0148823149823903,9,0.933031904511154,0.71588817005977
16,0.326408189020136,0.275658468716824,0.39793334226304,10,0.803142939927056,0.120138839585707
12,0.623879357287647,0.166080152750525,0.210040489961827,7,0.901709547499195,0.0780249093659222
34,0.0714766718638528,0.335453071665594,0.593070256470553,2,0.699059081496671,0.290347533067688
8,0.808597619833164,0.0374865737796076,0.153915806387229,4,0.852232784032822,0.162632340565324
29,0.0533734514526966,0.890400439672377,0.0562261088749261,6,0.793924184050411,0.19798294105567
17,0.324871206975674,0.33242104124282,0.342707751781507,6,0.610128452070057,0.0629331609234214
29,0.130765341681236,0.283189718472756,0.586044939846007,1,0.625514043495059,0.706634316127747
29,0.0130300566309627,0.292993836179526,0.693976107189512,1,0.150035301223397,0.508999972371385
22,0.198450105286463,0.598516056441111,0.203033838272426,1,0.732829671120271,0.238014790927991
6,0.713167762062998,0.185935920939558,0.100896316997443,2,0.434989598812535,0.808920101961121
12,0.435283058306898,0.125142040354857,0.439574901338245,10,0.893006207421422,0.946316623361781
13,0.642752057434557,0.284311046241963,0.07293689632348,4,0.575827059336007,0.21943657239899
10,0.666248035354971,0.287421931601293,0.0463300330437358,1,0.566004149382934,0.673369774594903
25,0.00530368611362101,0.926228480715317,0.0684678331710615,6,0.240328124258667,0.218140652403235
23,0.226662787981034,0.46013529094192,0.313201921077046,1,0.340135800652206,0.660371550591663
15,0.486952107268865,0.09035571019233,0.422692182538805,6,0.0782925470266491,0.684160510776564
15,0.130839271227029,0.53849841999883,0.330662308774141,7,0.971370199229568,0.0941362793091685
26,0.075784842550496,0.464906729826138,0.459308427623366,10,0.0444028577767313,0.156896754167974
34,0.0489251009760559,0.0643037838843901,0.886771115139554,8,0.439690757542849,0.0870293111074716
26,0.268328960057761,0.0405737302620693,0.691097309680169,4,0.749345242977142,0.621804236900061
7,0.728725237745231,0.259103861743193,0.0121709005115759,3,0.498994908062741,0.729530608281493
12,0.494303552207562,0.0340633199270268,0.471633127865411,8,0.54404438380152,0.683948145480826
6,0.863308786255516,0.0152482491886023,0.121442964555882,4,0.0714430802036077,0.536809774814174
18,0.0881841631206598,0.864823594776781,0.0469922421025587,7,0.352751916041598,0.442645120667294
23,0.18198349414718,0.310961910917347,0.507054594935472,4,0.644553910940886,0.298913709819317
18,0.514356586597705,0.326176636742946,0.159466776659349,5,0.459889371879399,0.288882569875568
17,0.422683880704444,0.264220481762938,0.313095637532618,4,0.273871961282566,0.231749965110794
7,0.455116033025042,0.525599353275677,0.0192846136992818,1,0.808971146587282,0.986160567263141
17,0.0824381312918097,0.882626172441266,0.0349356962669243,3,0.997238966403529,0.484967240132391
8,0.573315610135792,0.3314158772929,0.0952685125713087,8,0.627504841191694,0.619580027880147
15,0.749356710789292,0.0248661179113391,0.225777171299369,4,0.213281402830034,0.94142361311242
11,0.340060988606302,0.650115080299034,0.00982393109466342,6,0.227876737248152,0.271713385125622
21,0.0907190391040676,0.0735999826765794,0.835680978219353,7,0.36416433705017,0.428645627340302
13,0.784595061928397,0.0596049425082205,0.155799995563383,9,0.0404124229680747,0.498481476912275
20,0.26486685427817,0.386330744245847,0.348802401475983,9,0.583092407556251,0.569576856447384
17,0.447792591235299,0.435061832836093,0.117145575928608,6,0.487136291805655,0.379742940189317
15,0.669682434327518,0.116537594719089,0.213779970953393,4,0.851130749797449,0.620112558361143
7,0.693260956401338,0.0960903902411145,0.210648653357548,7,0.853248896775767,0.528780820779502
14,0.761048884621555,0.032296901905001,0.206654213473444,10,0.979549191659316,0.999222989892587
22,0.268585105955077,0.510025509310892,0.221389384734031,2,0.201166494982317,0.277550213038921
17,0.554930368471634,0.129144067946524,0.315925563581842,8,0.45042923791334,0.697221622569486
19,0.326076962928694,0.498988288128469,0.174934748942838,9,0.879681469174102,0.0711527848616242
24,0.04809582064435,0.69913727966337,0.25276689969228,2,0.776270021451637,0.43486724817194
26,0.0473942570992798,0.158928326157827,0.793677416742894,1,0.727162044961005,0.639823206933215
26,0.0440869842527905,0.294113850479096,0.661799165268113,8,0.975495029240847,0.937781642423943
6,0.748521515390581,0.0297664726866007,0.221712011922818,6,0.798720008460805,0.93649159069173
12,0.624135189308661,0.00576087209340276,0.370103938597936,8,0.617391771404073,0.833064515143633
10,0.783098382065685,0.120751120532759,0.0961504974015556,10,0.312133344588801,0.994495161576197
39,0.0448371628859637,0.300730303822087,0.654432533291949,6,0.658196517731994,0.397499486338347
23,0.0147275600082446,0.816954815708272,0.168317624283484,2,0.417452968657017,0.884195269783959
36,0.10675276298588,0.0983948309420336,0.794852406072086,4,0.236482948297635,0.792982272338122
11,0.744409001048276,0.152125298438314,0.10346570051341,4,0.0219250598456711,0.485838045366108
24,0.0485015440760192,0.681042732023287,0.270455723900693,9,0.888902375707403,0.83561978302896
9,0.542780416712151,0.163357870024321,0.293861713263528,2,0.150361493462697,0.790711929323152
12,0.766120702645303,0.11620763820172,0.117671659152977,7,0.531319511588663,0.366782003547996
15,0.534999629365753,0.0853169792795674,0.37968339135468,2,0.419541217386723,0.192960003623739
18,0.210133415058948,0.602151420951609,0.187715163989443,10,0.901167725678533,0.26532029826194
11,0.374117563591173,0.15452333109766,0.471359105311166,3,0.580994652351364,0.506290049757808
19,0.375044146716465,0.119148603337935,0.5058072499456,10,0.588315896457061,0.15883540851064
34,0.084536413073998,0.0009202410462194,0.914543345879783,2,0.398040953557938,0.631043238332495
26,0.0535750731023765,0.352479831543957,0.593945095353667,2,0.922743492526934,0.585426477482542
10,0.750340846113908,0.217845197151408,0.0318139567346845,7,0.113134082872421,0.157984951743856
29,0.0875957709046955,0.278165187058748,0.634239042036557,10,0.356663399841636,0.540421476121992
16,0.662711967946275,0.270968075721035,0.0663199563326899,9,0.264919796027243,0.346301861805841
16,0.488463773722198,0.321361277194241,0.190174949083561,3,0.980642372043803,0.543730013538152
21,0.0318711870595195,0.647536326797192,0.320592486143289,5,0.938648575684056,0.645981399342418
18,0.0924926206884292,0.774724127478502,0.132783251833069,6,0.62143338797614,0.951407607877627
16,0.403832183611388,0.570988782470828,0.025179033917783,2,0.744286224478856,0.283915626816452
12,0.421090138261333,0.558202912352943,0.0207069493857236,4,0.333012397633865,0.56051561050117
20,0.0936712532983891,0.503269190148756,0.403059556552855,10,0.580373788019642,0.772036164533347
9,0.462561340863852,0.391631710384031,0.145806948752117,3,0.418816044460982,0.252415788127109
19,0.239822488758599,0.633281822645186,0.126895688596215,8,0.842180792940781,0.893372563645244
16,0.290424981234314,0.550285181072841,0.159289837692846,9,0.935450898949057,0.601705718552694
11,0.65929209812387,0.21233772774021,0.12837017413592,8,0.808797042118385,0.576311740791425
11,0.535744564454589,0.419106689960912,0.0451487455844988,6,0.692865415476263,0.75805523712188
12,0.745326440625184,0.0813494756547663,0.17332408372005,3,0.60294046998024,0.406588803976774
21,0.300276373903857,0.35116419071807,0.348559435378073,4,0.177922866307199,0.300323345465586
14,0.291969228856761,0.154984777451878,0.553045993691361,9,0.284570594783872,0.0751288747414947
12,0.571808214667653,0.359922035354425,0.0682697499779219,1,0.478724404703826,0.87561023212038
18,0.422518709551871,0.457797577741053,0.119683712707076,7,0.706500922329724,0.515663558617234
21,0.0435710422130263,0.524966937558354,0.431462020228619,1,0.437117141205817,0.499860641313717
24,0.125325597519242,0.768728433525736,0.105945968955022,3,0.708991709630936,0.0441736120264977
17,0.144256090773046,0.190595284607423,0.665148624619531,9,0.306796116521582,0.781877371482551
16,0.420767327089552,0.572927776832498,0.00630489607795046,6,0.174462075578049,0.146411832189187
24,0.29617935097546,0.378922221728904,0.324898427295637,6,0.690947560360655,0.66708450531587
25,0.145548613422187,0.038287495396747,0.816163891181066,7,0.656856768066064,0.502522348659113
17,0.462872582717642,0.0708924597638105,0.466234957518547,4,0.499941414222121,0.957482152618468
12,0.600326578102046,0.202992603326678,0.196680818571276,10,0.0312949763610959,0.274873485788703
18,0.658229590465649,0.173029777239558,0.168740632294793,1,0.192760946461931,0.821166767040268
17,0.14406328314114,0.732639791310908,0.123296925547951,10,0.0587445385754108,0.249702659901232
11,0.805080102928733,0.0456207212372307,0.149299175834037,1,0.343230603961274,0.531443605199456
8,0.718917268692245,0.159830980145117,0.121251751162638,3,0.487473235465586,0.272496080491692
18,0.198554580676338,0.443194421195254,0.358250998128408,4,0.498189854202792,0.395601620199159
12,0.361717196101135,0.11069274558832,0.527590058310546,6,0.259602939710021,0.588398745749146
12,0.550405271219483,0.316632202003595,0.132962526776921,10,0.139497307827696,0.381135676521808
18,0.250734954577834,0.719034108157324,0.0302309372648421,1,0.0523154595866799,0.22985136997886
15,0.566398500225767,0.00565470082196428,0.427946798952269,5,0.651786613976583,0.904165020911023
23,0.135564339900402,0.66830736295652,0.196128297143078,7,0.341594801051542,0.739679023623466
11,0.404247052039379,0.367002897164903,0.228750050795718,5,0.686849876306951,0.590997006045654
22,0.128840568989073,0.510064581384177,0.36109484962675,7,0.49295169999823,0.0854369776789099
15,0.414327535200203,0.560206121276485,0.0254663435233122,5,0.350331927649677,0.827304454054683
17,0.285498762125254,0.441144955931275,0.273356281943471,1,0.438548672944307,0.744576213881373
10,0.441929939370051,0.173943151581198,0.38412690904875,2,0.794933858793229,0.096422681119293
12,0.660249138921839,0.00481385626817793,0.334937004809983,7,0.965755434706807,0.466532770544291
17,0.386945343103977,0.0759878658117874,0.537066791084235,6,0.0135541399940848,0.997791287489235
17,0.396964169938407,0.347473180016275,0.255562650045318,2,0.74835503147915,0.1025392615702
4,0.798977793679897,0.1864259867525,0.0145962195676028,1,0.490605521947145,0.87242563161999
16,0.232728898358306,0.261357292170792,0.505913809470902,3,0.0675397790037096,0.15453903703019
16,0.205228933642175,0.604481509877358,0.190289556480467,8,0.820999226300046,0.916538543999195
15,0.488393955328956,0.0901329483905393,0.421473096280505,10,0.118164540734142,0.906617108965293
13,0.668489398791481,0.254004138251769,0.0775064629567499,2,0.0724245710298419,0.541675800923258
13,0.363710464860479,0.628570535596864,0.00771899954265682,4,0.309880288783461,0.232723336433992
23,0.071358245584196,0.13953612506131,0.789105629354493,7,0.139703397406265,0.906400970881805
12,0.788958983651633,0.050443539852317,0.16059747649605,10,0.311699276790023,0.022982134250924
25,0.048056798460278,0.0554344121356467,0.896508789404075,2,0.871979674790055,0.821998838335276
17,0.28258364885475,0.426692775346272,0.290723575798978,8,0.625060342950746,0.119527650531381
15,0.212770227019367,0.302851247994602,0.48437852498603,8,0.42843818035908,0.836813231697306
13,0.319262787066878,0.594739080776084,0.0859981321570378,6,0.183689339784905,0.926303316839039
16,0.448837217763166,0.138357445458784,0.41280533677805,8,0.853358319960535,0.619169958634302
10,0.683104313045986,0.157032487795093,0.159863199158921,7,0.55018048430793,0.392200313042849
22,0.17025387887937,0.437837176338406,0.391908944782224,7,0.669967585476115,0.176417851354927
14,0.395281530390988,0.341699008739858,0.263019460869154,7,0.222099120495841,0.480089384596795
13,0.426464440884507,0.53114944030497,0.0423861188105238,1,0.971341210417449,0.911485904129222
18,0.0451186617441363,0.755655467774286,0.199225870481578,4,0.883988824905828,0.450002298690379
15,0.113997533986786,0.864282933592548,0.0217195324206658,3,0.237246223492548,0.83550753747113
19,0.312966787512224,0.317269911995946,0.369763300491831,1,0.500838038045913,0.413170709041879
11,0.572544176431861,0.107631713833603,0.319824109734536,4,0.481237389147282,0.227602276951075
5,0.655285846171826,0.104233840028908,0.240480313799266,2,0.70299322786741,0.420044826343656
23,0.0569995351385466,0.823840052258224,0.119160412603229,4,0.0314575671218336,0.918678320711479
7,0.470366766217949,0.387339994051566,0.142293239730485,3,0.525296302279457,0.64522421779111
17,0.212863416618885,0.605491121206811,0.181645462174304,2,0.994727154960856,0.287157052895054
26,0.130709269442837,0.0614784750502006,0.807812255506963,4,0.221798632759601,0.379200281808153
19,0.109003200095152,0.356353780577238,0.53464301932761,3,0.32518183789216,0.637628048891202
10,0.569709735285794,0.310800604698861,0.119489660015345,10,0.380416496424004,0.405111557804048
29,0.0589837012529482,0.386297187530259,0.554719111216793,4,0.422169402474537,0.760371474782005
14,0.23069048571443,0.167497834192648,0.601811680092922,5,0.827690389472991,0.435722867725417
6,0.523369921775817,0.307746847148318,0.168883231075865,1,0.674494894221425,0.580498196883127
12,0.717181317240984,0.249358652501236,0.0334600302577807,7,0.428581548389047,0.146425653714687
12,0.652827574703693,0.106603870754269,0.240568554542038,8,0.158118066145107,0.979196488158777
22,0.415481116977041,0.190711437998757,0.393807445024203,4,0.617030270164832,0.576332423370332
27,0.100394695284051,0.394032684080016,0.505572620635933,5,0.488011183449998,0.867728766286746
31,0.055961235832986,0.0421762347332293,0.901862529433785,1,0.613438167376444,0.846338529139757
14,0.228763274069111,0.556959374309892,0.214277351620997,3,0.139912787359208,0.101768690859899
17,0.460752866104651,0.239630091408736,0.299617042486614,1,0.512713058851659,0.0797721068374813
14,0.677056128338947,0.0801356643141364,0.242808207346916,8,0.586148903006688,0.408711783820763
14,0.434875918330046,0.374676315913893,0.190447765756061,10,0.214104320155457,0.264739455189556
10,0.738500289076117,0.0899204668913177,0.171579244032566,10,0.899736983468756,0.977109041297808
26,0.345739124243932,0.154354282196466,0.499906593559602,1,0.31711929035373,0.554698495659977
11,0.638135813412487,0.0278483276314057,0.334015858956108,9,0.749887055251747,0.197135004447773
24,0.1446349992671,0.0202487813185395,0.835116219414361,2,0.300004746764898,0.819822466699407
20,0.253998021445496,0.21999141162136,0.526010566933144,9,0.295077960938215,0.0256934058852494
13,0.411030900926692,0.587282330011187,0.00168676906212046,6,0.877264044014737,0.192042414098978
19,0.347880964070262,0.376127563956397,0.275991471973341,9,0.768865125020966,0.299993137596175
20,0.23801317711097,0.351115932529923,0.410870890359107,10,0.547851684037596,0.0613937063608319
13,0.638702825528616,0.202338935562816,0.158958238908568,6,0.816796441329643,0.129359785467386
8,0.461911558365912,0.0956496165674547,0.442438825066634,3,0.70583574892953,0.518855896778405
22,0.0835357744777229,0.464077221432581,0.452387004089696,1,0.585669901920483,0.0456550931558013
21,0.0380058378648321,0.76065299000827,0.201341172126898,1,0.58977232221514,0.33334517874755
16,0.357698817104804,0.394641234729224,0.247659948165972,1,0.194807426305488,0.275698051322252
22,0.0669131483648767,0.703112512933012,0.229974338702111,3,0.274906361708418,0.187678299145773
15,0.621966901870527,0.131331015522998,0.246702082606475,7,0.349866904783994,0.147504366002977
21,0.240672926146485,0.430076596378191,0.329250477475324,8,0.347147963475436,0.980100069427863
17,0.113760481802293,0.856716452481041,0.0295230657166651,8,0.0971961508039385,0.363326756283641
12,0.27524151471277,0.296702635962611,0.42805584932462,9,0.222999321296811,0.510269703576341
20,0.0604860103306532,0.428951344625392,0.510562645043955,10,0.520544417668134,0.629059390397742
10,0.910745400977478,0.073966558476712,0.0152880405458099,7,0.521112411748618,0.942667696624994
23,0.349529446476961,0.00989089537771632,0.640579658145323,9,0.507794124772772,0.381764706922695
28,0.192557676420353,0.307986901189935,0.499455422389712,8,0.845528641715646,0.82363931229338
22,0.242062423502774,0.128579661888366,0.62935791460886,5,0.654443708946928,0.941657455870882
27,0.159448884935001,0.469095977417295,0.371455137647704,9,0.374791067093611,0.464929313398898
16,0.204644864919136,0.510281087792064,0.285074047288799,1,0.607812507310882,0.626865774160251
32,0.0791065848169566,0.192990737416148,0.727902677766896,5,0.446438730927184,0.256675098557025
19,0.154159880370505,0.228974600091741,0.616865519537754,9,0.217402452137321,0.365458080079406
23,0.193989177963405,0.696803379704884,0.109207442331711,2,0.310675717191771,0.0883087834808975
15,0.0231033139375709,0.525999635618268,0.450897050444161,8,0.347313223406672,0.581256550038233
22,0.393753867389394,0.0366813074148626,0.569564825195743,4,0.534970644162968,0.615867302520201
23,0.210069544723137,0.387574148072232,0.402356307204632,7,0.575809986563399,0.285838590702042
26,0.116712375748909,0.0598202485207096,0.823467375730382,4,0.143571973079816,0.810783815803006
34,0.218625196463431,0.408359868651555,0.373014934885014,8,0.971372783882543,0.978127809474245
30,0.150904941823735,0.165327722521298,0.683767335654967,7,0.761504522059113,0.980486788321286
18,0.0389879190666643,0.711213605371964,0.249798475561372,6,0.0992524265311658,0.803910690825433
13,0.358344524063007,0.180137041425415,0.461518434511578,9,0.484847548417747,0.992424331372604
23,0.140783837103349,0.0235652225916799,0.835650940304971,3,0.571575393900275,0.682030640542507
22,0.275795200779535,0.0620141028589706,0.662190696361495,9,0.0102125883568078,0.945442160824314
28,0.243087744743067,0.543829153454649,0.213083101802284,9,0.0885675689205527,0.590785569045693
14,0.528012870100241,0.366050219617503,0.105936910282257,3,0.284597435267642,0.0744217871688306
7,0.569325263216487,0.323313019994754,0.107361716788759,6,0.738214316777885,0.453641174826771
16,0.00420756387118696,0.885843518420187,0.109948917708626,8,0.134534088196233,0.343839921755716
21,0.0425643890240969,0.625430538378897,0.332005072597006,7,0.177983998088166,0.570014266530052
28,0.264469209350661,0.22471199910215,0.510818791547189,10,0.635128871770576,0.393199146492407
7,0.389173076998484,0.584330726028644,0.0264961969728727,5,0.803711385233328,0.212442082818598
7,0.564706104984574,0.205672159541599,0.229621735473826,8,0.935179531341419,0.998438532697037
17,0.422309418308752,0.483205205074382,0.0944853766168667,9,0.0712112351320684,0.938080955296755
11,0.806527646989112,0.153135177075989,0.0403371759348988,5,0.478079877560958,0.247675184858963
20,0.0452160621485619,0.851608515873091,0.103175421978347,4,0.148608696414158,0.945530097465962
15,0.582106784009423,0.191774154915512,0.226119061075065,3,0.316418319009244,0.45788430608809
8,0.875328331771803,0.0377247599821188,0.0869469082460778,2,0.331680837552994,0.606426844373345
23,0.108049770511146,0.560876573100428,0.331073656388426,5,0.933343418873847,0.0873187899123877
29,0.211985754502007,0.234837087666619,0.553177157831374,9,0.815824524732307,0.471651216270402
24,0.0101780720743442,0.109247338579734,0.880574589345921,3,0.446420158492401,0.551927789114416
14,0.493500371171781,0.0693549555850179,0.437144673243201,10,0.863819802645594,0.268651618622243
16,0.113986922909807,0.738090877768317,0.147922199321876,2,0.882530911127105,0.921128478832543
11,0.451766007898278,0.330047629561373,0.218186362540349,10,0.0941497206222266,0.977596483658999
19,0.36317636552154,0.417144126109309,0.219679508369151,1,0.297830859664828,0.210497453575954
8,0.90149797945285,0.0478308014488111,0.0506712190983392,2,0.0278113535605371,0.905270498944446
26,0.154311014957079,0.497021575036066,0.348667410006855,5,0.331708657089621,0.361654486740008
7,0.800892396604077,0.0296286491458081,0.169478954250115,5,0.727204985916615,0.068352289730683
11,0.700529661989334,0.0610166466172632,0.238453691393403,1,0.436724468367174,0.234267812455073
19,0.152892833575628,0.829323436462033,0.0177837299623393,7,0.205869023455307,0.687470661010593
18,0.416061876006557,0.0944903129960202,0.489447810997423,4,0.92591879144311,0.787552733672783
13,0.785834442664069,0.101040178782685,0.113125378553247,9,0.426520426757634,0.805361818987876
16,0.228444844632635,0.571507458321353,0.200047697046012,6,0.84124289220199,0.524555334122851
12,0.444619888966179,0.37294172988053,0.182438381153291,10,0.90097664645873,0.688549430808052
17,0.381496651892521,0.125781910407434,0.492721437700045,5,0.616554985754192,0.66276296810247
24,0.241499837015057,0.204486100020081,0.554014062964862,7,0.470115544041619,0.495845353463665
16,0.21846853895493,0.208753381627552,0.572778079417518,7,0.958495391532779,0.973782174522057
22,0.153841898006494,0.0269709875439765,0.81918711444953,5,0.0988525815773755,0.406721479725093
15,0.403886156068105,0.586377181597724,0.0097366623341712,7,0.163612649543211,0.601598084438592
8,0.913581792725594,0.06577292444296,0.0206452828314462,4,0.456429357873276,0.270920609589666
15,0.125125472777679,0.826063824838543,0.0488107023837787,7,0.29730625031516,0.603873199550435
20,0.239431129383947,0.0373134981979393,0.723255372418114,7,0.797444386640564,0.63149854564108
20,0.06453462228289,0.408503165693503,0.526962212023606,6,0.694581525633112,0.981728168902919
18,0.162849781978989,0.689671158535343,0.147479059485669,10,0.540652522351593,0.0850815873127431
16,0.389342547978701,0.0892344446661509,0.521423007355148,8,0.462721676332876,0.327368149068207
12,0.0410978963395536,0.771796474851921,0.187105628808525,10,0.340588447405025,0.674353669863194
18,0.136860034566673,0.83718172985672,0.0259582355766065,3,0.590491356095299,0.458433250198141
14,0.303557862344754,0.428368642801995,0.268073494853251,3,0.0782491352874786,0.203952996991575
22,0.24762514930024,0.323061064069346,0.429313786630414,5,0.264762587146834,0.32822203496471
13,0.508650404218687,0.304791291053785,0.186558304727527,7,0.349875569343567,0.685407085344195
26,0.161169330936844,0.444280001361629,0.394550667701527,3,0.40314079192467,0.667727367486805
20,0.494997241507708,0.0494241541756616,0.45557860431663,3,0.331897671800107,0.978881385875866
24,0.195255342200596,0.290861821870377,0.513882835929027,6,0.625999548006803,0.305716668255627
19,0.0654264127853419,0.0181471085656956,0.916426478648963,5,0.122982438188046,0.230883561074734
12,0.363804667321879,0.45940169566753,0.176793637010591,5,0.978121828520671,0.765794676262885
10,0.699967336124284,0.158103328984272,0.141929334891444,2,0.670202526031062,0.203034926671535
23,0.414472759144757,0.16057190208321,0.424955338772033,1,0.590429765405133,0.672807456692681
26,0.0842566495724747,0.460609819494646,0.455133530932879,5,0.397061137482524,0.0724873023573309
39,0.0383467100567406,0.170392677555869,0.791260612387391,1,0.540418815566227,0.0925387050956488
5,0.645049426261663,0.115935819771697,0.23901475396664,1,0.747052680002525,0.183354560285807
5,0.816714105559622,0.00252905731323933,0.180756837127139,8,0.87929642223753,0.178965270519257
21,0.248872981510344,0.0775156084895258,0.67361141000013,8,0.69661456416361,0.914406053256243
24,0.0574327737332823,0.0783360513704114,0.864231174896306,8,0.928758944617584,0.235219385009259
23,0.413570672764159,0.130927472922493,0.455501854313348,5,0.907819430809468,0.074511565733701
22,0.255912697167439,0.106205782596772,0.637881520235789,9,0.326055798213929,0.191893488867208
16,0.244614005729819,0.248441954353884,0.506944039916296,4,0.565374632133171,0.746511573437601
21,0.269643273462091,0.118806303170684,0.611550423367225,4,0.188591994578019,0.457029186189175
17,0.441562888761799,0.250464192211755,0.307972919026446,9,0.360450829844922,0.724660659441724
38,0.185485183685154,0.215956823598852,0.598557992715994,9,0.870621784124523,0.952518862206489
11,0.788475992570988,0.0548227314536179,0.156701275975394,2,0.643665959127247,0.960927028674632
22,0.138791150787945,0.72729324319207,0.133915606019985,5,0.52985205873847,0.182260213419795
26,0.10559660267003,0.0777744593632277,0.816628937966743,8,0.252169319428504,0.964097722433507
16,0.326129879032728,0.552248514668168,0.121621606299104,7,0.673716074321419,0.194869788596407
11,0.247661863985536,0.615418143035879,0.136919992978586,2,0.720176897244528,0.0637267373967916
13,0.775804887878166,0.220602005516613,0.00359310660522069,10,0.436218340182677,0.936906210845336
21,0.0415700556102866,0.177738058847807,0.780691885541906,4,0.836957096355036,0.296096918871626
16,0.249181916834386,0.551022689564586,0.199795393601028,2,0.801416903035715,0.37102890573442
11,0.219997867745683,0.750074506297629,0.0299276259566878,4,0.68272395292297,0.286804776405916
11,0.548833266784363,0.427941265053138,0.0232254681624988,10,0.490050718421116,0.256116603501141
24,0.078933980169121,0.647565967316996,0.273500052513883,10,0.356993078021333,0.978202455444261
21,0.0404798567049963,0.614215271799038,0.345304871495966,3,0.658772018039599,0.114835627377033
11,0.385443668508199,0.547017631453426,0.0675387000383754,10,0.217963954200968,0.180728795472533
9,0.755651405557119,0.125599710111856,0.118748884331025,7,0.442188028246164,0.334756290307269
20,0.569494476000678,0.0397498495056101,0.390755674493712,5,0.336196626303717,0.905463700881228
20,0.498653150657346,0.260301835341638,0.241045014001016,9,0.715020233998075,0.412054922664538
24,0.291293978183796,0.673967135410906,0.0347388864052973,5,0.989750019274652,0.0874302661977708
25,0.0315746209007312,0.59595985589489,0.372465523204379,2,0.445796326268464,0.788714694790542
14,0.274979602932383,0.37258613871889,0.352434258348727,6,0.687106987694278,0.888282216852531
27,0.0982497504008538,0.0827539720440895,0.818996277555057,3,0.521788539830595,0.547614658018574
15,0.277779383964068,0.456081125898139,0.266139490137793,10,0.636253844713792,0.854913594899699
23,0.0541889602130962,0.715005964380265,0.230805075406639,4,0.709035623120144,0.11643578344956
10,0.585146524435072,0.223727963833544,0.191125511731384,2,0.807322580367327,0.0859592845663428
8,0.572227712905699,0.0102124612715318,0.417559825822769,4,0.668685730779544,0.932550871744752
21,0.100345454643343,0.193457198681162,0.706197346675495,6,0.742761042201892,0.917295479681343
24,0.231404598838344,0.143864075621391,0.624731325540265,6,0.110512706916779,0.13424988090992
13,0.364367561846649,0.432716647795221,0.20291579035813,1,0.774573436006904,0.630359985632822
16,0.381956245988986,0.270618714722348,0.347425039288666,5,0.409594548633322,0.958069908665493
17,0.264583196096563,0.361637949068358,0.373778854835079,2,0.618040488101542,0.501115902327001
15,0.394166470233183,0.229349006389602,0.376484523377214,10,0.901538240490481,0.0581409870646894
12,0.652734831663463,0.200213821456247,0.14705134688029,2,0.305642945924774,0.805689006112516
23,0.110343076973485,0.553583942622341,0.336072980404174,1,0.0338108553551137,0.82444412750192
15,0.390052132235193,0.286573789032383,0.323374078732424,7,0.468602811917663,0.776083418400958
25,0.0779001821484907,0.391732631425235,0.530367186426275,3,0.808780867839232,0.577820085454732
9,0.627933193264224,0.362140929432945,0.00992587730283166,5,0.75956309447065,0.155528647825122
34,0.0105755387180103,0.178532346939711,0.810892114342278,2,0.0884411421138793,0.863175793085247
16,0.424239692667224,0.196625124886585,0.379135182446191,9,0.507095646578819,0.567294236971065
21,0.124912139878916,0.0117294505926334,0.863358409528451,2,0.424298492260277,0.534682479687035
9,0.508612771687015,0.198713809975828,0.292673418337157,3,0.0141408946365118,0.0893150197807699
15,0.369979184515186,0.216537773611404,0.41348304187341,5,0.302799945697188,0.729166387114674
30,0.221538392009791,0.141496368918437,0.636965239071772,4,0.656838383758441,0.977619893383235
7,0.911710597977105,0.0676752965297958,0.0206141054930993,5,0.050490798894316,0.233178908238187
27,0.136441249548144,0.161026193980889,0.702532556470966,1,0.819197215372697,0.783053432125598
14,0.856328084073173,0.0268628748830698,0.116809041043758,8,0.336180520011112,0.75349435955286
23,0.129473432704452,0.286476584321335,0.584049982974213,8,0.044072717661038,0.22894803294912
15,0.320371080544338,0.422863056624292,0.25676586283137,1,0.735511165345088,0.916060293558985
19,0.389548394776947,0.11422663169638,0.496224973526673,8,0.499260611366481,0.869286456843838
32,0.00605530125775215,0.644035921636642,0.349908777105606,1,0.559948377078399,0.60634208470583
9,0.516887799285435,0.0703251587378319,0.412787041976733,9,0.97842306480743,0.989655219949782
14,0.402566567919747,0.424266795837116,0.173166636243136,1,0.305777394445613,0.598838539328426
16,0.0216310971569194,0.308814491780778,0.669554411062303,3,0.131482254248112,0.144677452743053
19,0.21060529858573,0.233834529656682,0.555560171757588,8,0.317966489121318,0.46123199746944
16,0.312588806209949,0.269462653823429,0.417948539966622,6,0.136870727175847,0.994385288562626
7,0.917162990803265,0.0291770950191684,0.0536599141775664,3,0.202150772092864,0.381920933490619
18,0.160893455147202,0.0746992348286586,0.76440731002414,10,0.207202952122316,0.587272616336122
17,0.308468130955148,0.457318857908396,0.234213011136457,8,0.658267222344875,0.00954117602668703
30,0.053793975360804,0.481223371708366,0.46498265293083,6,0.0609223677311093,0.305898202583194
17,0.441885885560139,0.460878697291314,0.0972354171485473,5,0.0805802482645959,0.520590467378497
25,0.437431599468634,0.0730789492323824,0.489489451298984,2,0.967595670139417,0.0758331227116287
6,0.741321426653094,0.151291308198886,0.107387265148019,3,0.674963613040745,0.00516770593822002
15,0.339702778682107,0.645787914967093,0.0145093063508,2,0.538097148761153,0.14008497283794
19,0.221785174190899,0.185646600586379,0.592568225222722,9,0.142467127647251,0.0286664597224444
13,0.483381343475133,0.395925327776275,0.120693328748592,2,0.946874403394759,0.821175714489073
20,0.37103814971731,0.217695042615785,0.411266807666905,5,0.580229787388816,0.896934601711109
22,0.0329289605816663,0.163387553667045,0.803683485751289,10,0.416616400470957,0.859189409995452
12,0.379978385864829,0.500740121174493,0.119281492960678,9,0.733505932381377,0.509430187288672
12,0.509092852191302,0.198776264611092,0.292130883197606,4,0.152208739193156,0.395578905940056
15,0.659119760689466,0.15576634893366,0.185113890376874,3,0.469153203070164,0.974816508591175
14,0.541818535858134,0.176497469691572,0.281683994450294,1,0.734191659139469,0.870087345363572
23,0.0475304501909191,0.255061519320253,0.697408030488828,7,0.584051772020757,0.435068846214563
16,0.0796601882474266,0.719342191273778,0.200997620478795,1,0.837865572655573,0.505745766218752
11,0.481671427739205,0.124655314653714,0.393673257607081,10,0.0104464755859226,0.625328578287736
16,0.384825428397508,0.47400809566543,0.141166475937061,10,0.400513337925076,0.53461811854504
18,0.26717962967782,0.616294899496839,0.11652547082534,7,0.180024298839271,0.252003874164075
11,0.50865231058306,0.32237530092442,0.168972388492519,6,0.475640944670886,0.971348396036774
15,0.345298300809957,0.243701212329974,0.411000486860069,2,0.0570111426059157,0.777629428775981
22,0.168887086572125,0.494625463578912,0.336487449848963,7,0.171890356345102,0.0971518303267658
14,0.124100511592959,0.757970639367313,0.117928849039728,6,0.743414100492373,0.801248009549454
18,0.351682694492831,0.330379904808855,0.317937400698314,8,0.720063632819802,0.0356055237352848
15,0.542100618709646,0.337768775207952,0.120130606082403,6,0.328509909333661,0.902562365401536
28,0.0576736668846026,0.217922997263745,0.724403335851653,3,0.472968731541187,0.538682117592543
29,0.0233576900085576,0.781913646299158,0.194728663692284,10,0.15147110610269,0.0462019513361156
7,0.551157077467209,0.30926461554901,0.139578306983781,2,0.124546501552686,0.902233852539212
4,0.466894746964314,0.506949821096215,0.0261554319394709,3,0.71828059386462,0.33805114030838
22,0.456533271773327,0.333247479905948,0.210219248320725,10,0.870138787198812,0.27976783644408
11,0.496091925479679,0.38238769421232,0.121520380308001,6,0.603512264089659,0.0978857858572155
31,0.22144614478291,0.369767730872521,0.408786124344569,4,0.534534030361101,0.0222378007601947
11,0.628371944766411,0.228026227364104,0.143601827869485,5,0.346809030743316,0.165471500018612
26,0.0573168828495387,0.195169868559418,0.747513248591043,3,0.186208892147988,0.957547120051458
20,0.0475621395895128,0.621092384579524,0.331345475830964,5,0.479413548251614,0.642345300642774
9,0.574653145497582,0.307438332194371,0.117908522308047,5,0.167059221537784,0.420029540313408
30,0.1145669992518,0.39173755259695,0.49369544815125,7,0.872915781801566,0.309170550433919
9,0.718250832476349,0.16604033924846,0.115708828275192,2,0.764084803173319,0.167993887560442
4,0.465673028778406,0.398759389679005,0.135567581542589,6,0.21574879437685,0.402821890311316
25,0.417515426235278,0.291931058011591,0.29055351575313,6,0.0343030863441527,0.946212418843061
16,0.275307194015801,0.536495941982638,0.188196864001561,2,0.72622553864494,0.548512297216803
26,0.188480553644328,0.0984981533394134,0.713021293016259,4,0.742518082261086,0.0333235911093652
19,0.0670349331613131,0.41686162645082,0.516103440387867,6,0.809211295330897,0.924981350312009
18,0.390904947642348,0.602648368259827,0.00644668409782503,7,0.675327434437349,0.188919176580384
14,0.549685861285532,0.246093166134849,0.20422097257962,9,0.676066070096567,0.366718678269535
7,0.576024012507223,0.251877299565682,0.172098687927095,4,0.675899449968711,0.474016331136227
20,0.44831449151211,0.160256690330673,0.391428818157217,3,0.38318205322139,0.1933409916237
11,0.770572975933807,0.0849314587985546,0.144495565267638,6,0.44992324966006,0.825629259692505
22,0.520457221601851,0.0955083005814225,0.384034477816727,6,0.467823995277286,0.191503502428532
14,0.447688199765575,0.29734656705193,0.254965233182495,2,0.795919665135443,0.32488169753924
14,0.423442008225862,0.353741842915546,0.222816148858593,9,0.712177604669705,0.749985164729878
22,0.0911715522427809,0.268993163451184,0.639835284306035,5,0.234388065058738,0.987604682100937
22,0.353257103997695,0.277164684232689,0.369578211769615,5,0.690941053209826,0.70467195357196
19,0.264292189241964,0.266570956354115,0.469136854403921,7,0.693596416618675,0.707007728749886
19,0.310160594444214,0.251448744820256,0.43839066073553,1,0.471707723103464,0.977124045835808
13,0.500934471454819,0.195961990917821,0.30310353762736,4,0.505704729584977,0.0464283376932144
9,0.761631333560571,0.189344543609852,0.0490241228295767,10,0.386575155891478,0.220683501567692
17,0.149355154990507,0.579568555236333,0.27107628977316,1,0.201049929484725,0.627171311993152
12,0.703256097799346,0.0997670221442172,0.196976880056437,5,0.192793248686939,0.349627661285922
26,0.13205548485405,0.472275761016008,0.395668754129942,3,0.602447112556547,0.392489137826487
31,0.0288127243014827,0.399155587554999,0.572031688143518,8,0.0667559809517115,0.852571294177324
18,0.404773345672331,0.304656210466131,0.290570443861539,2,0.693167362594977,0.49540962302126
24,0.136171506317929,0.458333547107449,0.405494946574621,8,0.494801918743178,0.0799255876336247
20,0.287419558800729,0.34891126010345,0.363669181095821,8,0.589780316222459,0.876788785448298
24,0.18379198910858,0.469253425103512,0.346954585787908,6,0.468906608177349,0.312628373270854
16,0.0531920646643561,0.60618322824861,0.340624707087034,10,0.252191905165091,0.295284098712727
22,0.340995620318695,0.424185233683538,0.234819145997767,5,0.541078945854679,0.221779109211639
31,0.124569150937523,0.439826606780683,0.435604242281794,6,0.212158240843564,0.198666996788234
26,0.0471842537082048,0.0803741014750211,0.872441644816774,1,0.817380813416094,0.699847935233265
25,0.117599139387987,0.324678208514589,0.557722652097424,9,0.00827224226668477,0.468642465071753
14,0.357779093338248,0.557528549597204,0.0846923570645483,2,0.339176398934796,0.285837712697685
11,0.542901588239494,0.305873121809829,0.151225289950678,7,0.419778109062463,0.539646203629673
21,0.391191050295145,0.28691572916595,0.321893220538906,4,0.0924764114897698,0.351199126802385
12,0.563849696059496,0.233127373371801,0.203022930568703,1,0.518190423725173,0.89601966436021
13,0.176422195929618,0.442920307203152,0.38065749686723,3,0.895420651882887,0.234591925051063
15,0.310107002381582,0.336922695637177,0.352970301981241,5,0.22590408148244,0.421885944437236
8,0.924873012777683,0.0322006916024743,0.0429262956198426,5,0.763371498556808,0.476962042041123
14,0.57088926852239,0.0497416335121564,0.379369097965453,4,0.716849324060604,0.742142258444801
19,0.224879909400508,0.469397536811903,0.305722553787589,7,0.911758369067684,0.139547330792993
21,0.044085697699673,0.726955830035024,0.228958472265303,6,0.873480788664892,0.858183542499319
13,0.572731337237974,0.36652908156621,0.0607395811958162,4,0.267857305705547,0.913861757144332
14,0.528085982448498,0.377504207766814,0.0944098097846878,6,0.843048361362889,0.987159473821521
21,0.548467200753302,0.0235429325123939,0.427989866734305,5,0.699155170703307,0.93549610581249
21,0.245364409173153,0.266770006147908,0.487865584678938,8,0.203181165968999,0.215662666130811
25,0.1069699917757,0.285626031557419,0.607403976666881,7,0.891623229254037,0.352165715070441
28,0.0158644853695843,0.225592938539498,0.758542576090917,3,0.985307717463002,0.623300240607932
6,0.683431219040046,0.0989650075084842,0.21760377345147,1,0.937620738521218,0.950998167041689
14,0.691448255716954,0.228713036755625,0.0798387075274212,1,0.76909140823409,0.302490034839138
11,0.283575023806816,0.546317466096816,0.170107510096368,6,0.932448221836239,0.980713188881055
12,0.196386915433613,0.751629751988502,0.0519833325778859,7,0.358931271592155,0.177648450247943
13,0.345590602090785,0.12703352531634,0.527375872592875,3,0.100561725208536,0.789652443258092
17,0.515016866099485,0.215356623900686,0.269626509999829,10,0.452778465347365,0.986595877446234
20,0.496162030393721,0.0946268559651736,0.409211113641106,1,0.0812390297651291,0.202440286520869
25,0.370846586035192,0.117231094959974,0.511922319004834,7,0.823882902273908,0.492827813373879
30,0.0800089173947527,0.0276629970165338,0.892328085588714,4,0.0233658426441252,0.515167471719906
12,0.624648918472783,0.30344350669228,0.0719075748349363,6,0.571697326609865,0.355901040602475
16,0.524409949472078,0.0976421907027657,0.377947859825157,10,0.0594524787738919,0.918138402979821
22,0.150842204216999,0.144475673999218,0.704682121783783,1,0.385694262804464,0.503588538849726
21,0.390302833838028,0.301805160817321,0.307892005344651,8,0.330973921343684,0.652555880602449
16,0.276960238550517,0.425228592375761,0.297811169073723,2,0.359247030923143,0.504426658619195
27,0.122699486228711,0.419093327071201,0.458207186700088,6,0.950489089824259,0.423391894437373
30,0.142951975511328,0.0288383254819956,0.828209699006676,3,0.647252455586568,0.589234659448266
28,0.0525917355999674,0.55757091514514,0.389837349254893,4,0.930073699448258,0.714523165486753
15,0.0353711475439262,0.795114213086646,0.169514639369428,3,0.83727835281752,0.447497074957937
19,0.105692379989362,0.507402967107018,0.38690465290362,1,0.420842639636248,0.725143390940502
21,0.0807751356320217,0.301511117679125,0.617713746688853,9,0.142650766763836,0.645661358954385
8,0.519414368313478,0.468356839714848,0.0122287919716744,6,0.275241488590837,0.0485788588412106
14,0.245967072474978,0.442573438951668,0.311459488573354,4,0.363918268121779,0.0592060345225036
27,0.146212258153048,0.405383353274318,0.448404388572634,8,0.729425236117095,0.282942697172984
26,0.064913536303664,0.512261314204631,0.422825149491705,10,0.677918213885278,0.840343601768836
21,0.334778270714275,0.637622878207574,0.0275988510781508,9,0.611300178570673,0.969382470240816
16,0.512251311925727,0.412120368672143,0.0756283194021303,9,0.0468293067533523,0.521111387060955
27,0.208822664848607,0.166069515663051,0.625107819488342,9,0.0707412648480386,0.29679290833883
14,0.9355369165244,0.0183872320181204,0.0460758514574794,9,0.711537277325988,0.805978426709771
17,0.159860422065973,0.649935280314294,0.190204297619733,9,0.029467859538272,0.302070087753236
23,0.0830287248121689,0.17511703830187,0.741854236885961,1,0.347924089524895,0.617807683069259
19,0.447771819532088,0.0040095625514223,0.548218617916489,1,0.250305242370814,0.465744466520846
25,0.000341987000695454,0.703081720742935,0.296576292256369,4,0.320392786758021,0.438587554497644
19,0.435566342827082,0.460937688228328,0.10349596894459,9,0.174933340633288,0.557248637080193
9,0.616137990914866,0.177468302885484,0.20639370619965,2,0.410186174092814,0.957754736067727
21,0.139735572179405,0.377305890384874,0.482958537435721,7,0.179346303222701,0.712416067486629
10,0.692237804623507,0.093848745742313,0.21391344963418,6,0.244614373659715,0.181434764526784
20,0.124132119914133,0.564560314345879,0.311307565739989,7,0.385900001972914,0.0368788305204362
26,0.10718868117652,0.178499867483074,0.714311451340405,9,0.360833907267079,0.0557687329128385
20,0.291546796932765,0.411705590520402,0.296747612546833,7,0.194144273875281,0.120857190573588
19,0.10938430055317,0.621098086103219,0.269517613343612,1,0.422068962128833,0.567485068459064
20,0.0983029521922782,0.660900282255191,0.240796765552531,7,0.0374529210384935,0.537658545654267
18,0.566454309705227,0.0430649049985126,0.390480785296261,7,0.869579300051555,0.581541805760935
17,0.14620432145578,0.585173815463159,0.268621863081061,1,0.517676224466413,0.0796828006859869
7,0.824880977752024,0.132236375125872,0.0428826471221044,6,0.838528963504359,0.739354669814929
23,0.0218102985102086,0.563520145991874,0.414669555497917,1,0.0320335519500077,0.628007936524227
23,0.164264349606776,0.123361001959311,0.712374648433913,8,0.427297033136711,0.988148348871619
20,0.309071555817292,0.262622922166959,0.428305522015749,7,0.863781086634845,0.534167084377259
26,0.113068700578925,0.466630355199992,0.420300944221083,9,0.721145607065409,0.885274806758389
18,0.477723197678495,0.316414335115117,0.205862467206389,3,0.131317017832771,0.367966776248068
19,0.501715594129833,0.110515961570046,0.387768444300121,6,0.193626442458481,0.260614967672154
21,0.0247765410362841,0.388087583982131,0.587135874981585,10,0.759731531143188,0.543894137488678
12,0.146444763529365,0.565460653601872,0.288094582868763,10,0.590011018561199,0.729191859485582
10,0.579342596271419,0.025667123436337,0.394990280292244,7,0.443406463600695,0.279295304790139
10,0.302448100744088,0.687474046381038,0.0100778528748747,6,0.594018437899649,0.42586171021685
17,0.307889671601922,0.635380730594392,0.0567295978036862,2,0.12540117255412,0.383623112225905
24,0.0590985903090197,0.568457921744865,0.372443487946115,9,0.755043209297583,0.82384744938463
25,0.0628750651164234,0.497993629402515,0.439131305481062,10,0.0996988348197192,0.477346439147368
18,0.050627973297107,0.385410698954993,0.5639613277479,9,0.392092230496928,0.66691237478517
21,0.116475288393817,0.363726452674311,0.519798258931872,9,0.599354699952528,0.194753263378516
13,0.329084422135678,0.541529184104434,0.129386393759888,10,0.28181819873862,0.346496185520664
30,0.0353017931250765,0.88966090832786,0.0750372985470632,3,0.89160037226975,0.71277615451254
25,0.0475907193923074,0.286696074993436,0.665713205614257,2,0.258284647250548,0.865546600427479
18,0.130396557324564,0.269270122328635,0.600333320346801,1,0.955458803568035,0.353412489406765
20,0.0168820185886746,0.775980042345519,0.207137939065807,4,0.631211260799319,0.156236646929756
13,0.492222113071324,0.0724698803911011,0.435308006537575,10,0.32691501849331,0.23066437849775
20,0.0983841433367401,0.787479073583091,0.114136783080169,7,0.78806870453991,0.329212951706722
18,0.142767733126112,0.673883446395289,0.183348820478599,10,0.334907048149034,0.521699513075873
18,0.140423851034846,0.530037019366668,0.329539129598486,5,0.947804132243618,0.413790315855294
18,0.177423398381106,0.820086135546004,0.00249046607288942,1,0.632360822055489,0.265520364511758
18,0.349035847468917,0.220921635602059,0.430042516929024,5,0.285318989073858,0.251942042494193
11,0.62926141172776,0.137773258957826,0.232965329314414,4,0.615141724934801,0.577940321527421
25,0.0366744491124224,0.433745583554014,0.529579967333563,6,0.341023970860988,0.25722669926472
9,0.469692249838924,0.32238882739035,0.207918922770725,2,0.296915394021198,0.955068970099092
16,0.182019160624697,0.756883626075377,0.0610972132999261,7,0.816631139488891,0.86481708730571
18,0.264122620112701,0.0967914715310849,0.639085908356214,1,0.82491979165934,0.242773699574172
11,0.637093224232891,0.0142897333381572,0.348617042428952,1,0.685743794078007,0.0508010552730411
19,0.166388742561385,0.438869484239359,0.394741773199256,6,0.359921178780496,0.323528229724616
39,0.0949902346424204,0.103775574887606,0.801234190469973,6,0.275844914838672,0.347665678942576
20,0.258185061594253,0.240134408756506,0.501680529649241,3,0.649541199905798,0.370850679464638
9,0.653530854541503,0.0226699836705488,0.323799161787949,7,0.471992297796533,0.790092608192936
21,0.22710623221439,0.64493351736209,0.12796025042352,7,0.00837621069513261,0.820458131376654
17,0.315515911877704,0.120425893489156,0.56405819463314,7,0.121394702931866,0.892704960657284
10,0.22283252324691,0.68409389295719,0.0930735837958999,1,0.54498544964008,0.98396057379432
29,0.0458450706088005,0.0317113186071839,0.922443610784016,7,0.0134318752679974,0.193860587663949
14,0.068488221811862,0.440368993510042,0.491142784678096,10,0.491589999292046,0.916661471128464
25,0.18750014803775,0.509998540247359,0.302501311714891,10,0.166135760722682,0.120303422678262
21,0.369621377225437,0.24781046637131,0.382568156403252,10,0.769525307463482,0.715293411165476
14,0.545011248421669,0.253566366040962,0.201422385537369,7,0.144232440274209,0.256243834970519
16,0.442776605397624,0.482114037781946,0.0751093568204301,7,0.924640115583315,0.241086094640195
11,0.470338750039064,0.411967710411648,0.117693539549288,3,0.665525001939386,0.857040642062202
12,0.254926424429418,0.653464491894544,0.0916090836760387,3,0.0210896851494908,0.987908677430823
11,0.557118912500626,0.393973830293445,0.0489072572059296,1,0.446021033916622,0.725312259979546
26,0.00856131211279644,0.624305478828578,0.367133209058626,2,0.874489968875423,0.151107115903869
12,0.502699597594014,0.177630623635682,0.319669778770304,5,0.746433359570801,0.209597574314103
10,0.321166515499458,0.482527910864424,0.196305573636117,10,0.294156374176964,0.519538102205843
18,0.268924574302655,0.578158482789172,0.152916942908172,6,0.260040823137388,0.420939902542159
24,0.0479630223335405,0.795325475684771,0.156711501981689,4,0.872780136531219,0.0672479236964136
12,0.490142158433684,0.479116085621604,0.0307417559447122,4,0.0605819057673216,0.842171687167138
20,0.195917817109413,0.112022085886247,0.692060097004339,4,0.99008200946264,0.524235608289018
23,0.022992315533015,0.846754923750599,0.130252760716386,9,0.758934076409787,0.772444326197729
19,0.219390603791546,0.511861046223939,0.268748349984515,1,0.934605665039271,0.871208081254736
15,0.284098788624929,0.448549660520679,0.267351550854392,6,0.305387314874679,0.552145343273878
16,0.262144607893241,0.508045557744918,0.229809834361841,4,0.813568036770448,0.270701648900285
7,0.481049595879809,0.272958660311059,0.245991743809132,6,0.0898258523084223,0.795912569854409
14,0.406060998187179,0.306934046732739,0.287004955080081,3,0.876220809528604,0.82772666006349
15,0.460571011637005,0.196619189101462,0.342809799261533,7,0.154586173128337,0.729337560944259
25,0.325117337396786,0.0791756109750341,0.59570705162818,4,0.403620403492823,0.868735400494188
25,0.254059623703561,0.187657624494809,0.55828275180163,7,0.353771443478763,0.856801398331299
28,0.198801431281614,0.0162532840119502,0.784945284706436,6,0.0207858609501272,0.0130370946135372
8,0.836286763315442,0.0369598700682313,0.126753366616327,1,0.00181999267078936,0.205279251560569
15,0.338831379825218,0.274610147841537,0.386558472333245,3,0.590130866272375,0.803720742929727
17,0.183790895588816,0.711501833069026,0.104707271342157,3,0.550259467447177,0.510788903106004
37,0.0490550445549961,0.102779285342234,0.84816567010277,10,0.0359875143039972,0.674237030791119
20,0.328784386051714,0.394288671482051,0.276926942466235,6,0.339848596369848,0.809684930602089
22,0.0172475282187815,0.370427152101956,0.612325319679262,2,0.671022484777495,0.250234342180192
14,0.64651443462144,0.156999740931616,0.196485824446944,5,0.155742603354156,0.568729910999537
11,0.493934908222915,0.423602775843087,0.0824623159339979,5,0.244551422772929,0.614289718680084
17,0.379350394301454,0.256451517696702,0.364198088001843,4,0.736604360397905,0.111034605652094
10,0.652249496439743,0.00876184454129094,0.338988659018966,8,0.979024325031787,0.318469358608127
5,0.676413907511563,0.187973148145639,0.135612944342798,3,0.225245533743873,0.6632025744766
15,0.449448104909125,0.0194433895213272,0.531108505569548,5,0.0872541589196771,0.611070066923276
29,0.0918364085269602,0.0553198076011513,0.852843783871888,6,0.911322658881545,0.847658398095518
18,0.368705368345727,0.269997477126353,0.361297154527919,1,0.73021126864478,0.0893810344859958
14,0.762276426743061,0.0227072855190055,0.215016287737933,1,0.142967582447454,0.0280285766348243
23,0.104255896666952,0.046429915572962,0.849314187760086,9,0.0455883555114269,0.88931204401888
17,0.442832208826392,0.535549723714889,0.0216180674587186,3,0.828133258968592,0.63831200869754
16,0.235488829729324,0.696388787494921,0.0681223827757547,3,0.508441229583696,0.512620015302673
26,0.0100181211523628,0.490597826561689,0.499384052285948,7,0.706134164007381,0.80835963296704
15,0.190559332767778,0.577223926409368,0.232216740822854,4,0.463235995033756,0.364198655355722
8,0.833793778800331,0.0570210495229713,0.109185171676698,6,0.382577452575788,0.842732248362154
27,0.0111263216981949,0.0802977598722106,0.908575918429594,6,0.670708996243775,0.174484584247693
17,0.0524181577152646,0.808739260589283,0.138842581695452,2,0.949571228120476,0.684439549455419
11,0.716452035815728,0.235777101946824,0.0477708622374486,10,0.206530135823414,0.0354415120091289
11,0.208235718310272,0.110356724117269,0.681407557572459,9,0.0214039832353592,0.811928318580613
21,0.0208634693693236,0.0667727125097808,0.912363818120896,9,0.572778561152518,0.994364270707592
23,0.0159048925737879,0.490085397639627,0.494009709786586,10,0.249238147865981,0.107058222871274
13,0.674139226399129,0.0416426764966086,0.284218097104263,8,0.981088394997641,0.614260972244665
20,0.105788761125866,0.385775276312434,0.508435962561699,1,0.461895823245868,0.716028999071568
9,0.730328725258505,0.15418458474856,0.115486689992935,4,0.0350524636451155,0.695960249286145
12,0.405075302728167,0.11382571449198,0.481098982779854,2,0.985956570832059,0.271140212193131
16,0.311188362747524,0.583404802062959,0.105406835189516,3,0.258608915144578,0.502492046449333
15,0.729297212594955,0.0550824887057372,0.215620298699307,10,0.309426803141832,0.653302483493462
7,0.701103898557595,0.164230203540541,0.134665897901864,2,0.892616658005863,0.55986323626712
13,0.462866020313939,0.453931161791569,0.0832028178944919,7,0.223339587915689,0.403361322591081
16,0.43129656085885,0.284217575005521,0.284485864135629,4,0.7234457496088,0.0888971476815641
23,0.179454483616862,0.223414371191603,0.597131145191534,5,0.547105215257034,0.687961837043986
28,0.00953497156991084,0.273548822427456,0.716916206002633,10,0.955760798184201,0.483886745991185
15,0.0732162327533587,0.876487758893521,0.0502960083531207,2,0.286199174821377,0.46420693397522
20,0.313722494953104,0.058749789652931,0.627527715393965,5,0.631855926243588,0.802917063003406
27,0.182387303868738,0.0947914764751593,0.722821219656103,8,0.166020278818905,0.315780416596681
16,0.55360639085972,0.392883892874287,0.0535097162659929,7,0.173750200308859,0.333884912310168
13,0.390303522017994,0.195351986093107,0.414344491888899,3,0.937766121001914,0.0458382188808173
20,0.368474832159308,0.148661220881909,0.482863946958783,6,0.362492939690128,0.444137277081609
22,0.278006891667784,0.434243325948923,0.287749782383294,5,0.910545103251934,0.309035649057478
28,0.226039083725753,0.583429006950911,0.190531909323336,6,0.35300659108907,0.321144703775644
19,0.206040764958533,0.424445189165945,0.369514045875522,4,0.30643295077607,0.731891974806786
18,0.200504624898004,0.539016560372745,0.26047881472925,4,0.896774555323645,0.991515559609979
8,0.614319922503584,0.288962764695862,0.096717312800554,9,0.287879692623392,0.71516009606421
15,0.0193016079616725,0.941913101150069,0.0387852908882582,8,0.598988645942882,0.755627017701045
6,0.740607643257665,0.162271402713426,0.0971209540289091,4,0.840157078579068,0.293736266903579
17,0.256293341938818,0.663023944313591,0.0806827137475915,8,0.366386962588876,0.54025966161862
18,0.412583722174692,0.445133229561442,0.142283048263866,8,0.212237525032833,0.350620510056615
10,0.728201337100152,0.0788235810237016,0.192975081876146,2,0.961244051577523,0.827200728235766
20,0.333812931254808,0.447957950687713,0.218229118057479,5,0.804554128320888,0.88359483378008
12,0.69236911069971,0.178511311671025,0.129119577629265,4,0.0298627046868205,0.538010257296264
13,0.719044582157706,0.0896598392879052,0.191295578554388,2,0.255146640818566,0.889183420455083
9,0.612217733069665,0.0904650998924338,0.297317167037902,6,0.288724401732907,0.494205564493313
15,0.350908793953805,0.301748410707541,0.347342795338654,5,0.0160504318773746,0.375991338398308
18,0.169196616063334,0.396717777960317,0.434085605976349,10,0.169808602426201,0.0965206169057637
24,0.0884846773469124,0.468967853826188,0.442547468826899,8,0.377205890603364,0.0905051359441131
7,0.529325192328087,0.332742239215606,0.137932568456307,10,0.988211129792035,0.0399605857674032
11,0.332204227689507,0.645699243170068,0.0220965291404249,6,0.562069976003841,0.223342421464622
10,0.656578498515978,0.148830042509517,0.194591458974505,7,0.365616149734706,0.337803184520453
16,0.461363610211115,0.413031645906616,0.125604743882268,9,0.960203482303768,0.0107929259538651
24,0.0516287606463636,0.698754479312233,0.249616760041403,2,0.916271134046838,0.499816272640601
23,0.0312413533365829,0.798147967621552,0.170610679041865,4,0.273861341178417,0.334937014617026
7,0.854489464010759,0.110441852773382,0.035068683215859,9,0.540623136563227,0.227050644112751
35,0.0325655380862513,0.403681965618516,0.563752496295233,10,0.245061038760468,0.920249263523147
17,0.077536052584268,0.679954496306429,0.242509451109303,8,0.49306318233721,0.486414968967438
11,0.746083551110636,0.147380253417061,0.106536195472302,6,0.331032564165071,0.0712014080490917
11,0.835845621187903,0.0627105592267939,0.101443819585303,3,0.212490892736241,0.907176847336814
18,0.243499657202312,0.444128465090299,0.312371877707389,5,0.799662720179185,0.681430302560329
25,0.000109723255739649,0.997745283719826,0.00214499302443447,6,0.237710231449455,0.889368631644174
19,0.0337636419112383,0.931051261896879,0.0351850961918825,9,0.718761161668226,0.671344098402187
32,0.0463549926587022,0.313409284133744,0.640235723207554,9,0.51486786827445,0.520202855812386
22,0.126672357463277,0.128385196039426,0.744942446497297,1,0.470444546313956,0.275904467329383
11,0.690733865356192,0.07886142135739,0.230404713286418,10,0.761220169719309,0.450226818677038
16,0.279498198160425,0.658431737042431,0.0620700647971446,9,0.540198615286499,0.0360811080317944
21,0.0404406901608682,0.846090930882789,0.113468378956343,3,0.189394776476547,0.837591894436628
36,0.0825137961218814,0.451068270486776,0.466417933391343,1,0.713005383498967,0.594709143741056
35,0.00495324843344125,0.0463961732414834,0.948650578325075,4,0.271348353708163,0.478122546803206
37,0.141986750301756,0.225032918093757,0.632980331604488,10,0.443493852391839,0.682310102973133
18,0.43759600601728,0.0296989895346031,0.532705004448117,10,0.89636535034515,0.644782939692959
23,0.12114292284452,0.611700433054162,0.267156644101318,3,0.480491695692763,0.754517239285633
17,0.380085480654897,0.390432003375993,0.229482515969111,10,0.546737544005737,0.361957443179563
8,0.448691230052362,0.289938799072253,0.261369970875385,7,0.844745903508738,0.144199874484912
19,0.35191691310875,0.51494204742584,0.133141039465409,3,0.708399164723232,0.320770938647911
20,0.397929913955271,0.243186936486421,0.358883149558308,10,0.445034086005762,0.296115286182612
23,0.0139103042655697,0.743610381817251,0.242479313917179,3,0.415004764450714,0.941152077401057
18,0.203921391879743,0.362272595292351,0.433806012827907,8,0.396855971310288,0.0974291614256799
10,0.495410285710439,0.0551500736947336,0.449439640594828,2,0.109833467053249,0.481844538357109
10,0.484158775144212,0.147116166398351,0.368725058457437,5,0.436031592776999,0.0619176279287785
13,0.781677569733436,0.0769101998805167,0.141412230386048,7,0.810540210688487,0.849695048062131
15,0.312309370745917,0.528380873210306,0.159309756043777,5,0.725630715955049,0.260828326223418
7,0.573772682903888,0.231388447467049,0.194838869629062,9,0.300085393944755,0.00133214751258492
14,0.182790734795837,0.587942547497782,0.229266717706381,9,0.076128656277433,0.744527012575418
19,0.132813203459392,0.225388583474484,0.641798213066124,10,0.131716636940837,0.185506083071232
10,0.355083141115784,0.503080771205434,0.141836087678782,9,0.756929186172783,0.822761339135468
29,0.0109091820693817,0.0577378156470675,0.931353002283551,5,0.800837440416217,0.461905752308667
23,0.183845184303081,0.390750193888938,0.425404621807981,4,0.685244563501328,0.934229118283838
17,0.502201540224105,0.402903770080182,0.0948946896957131,6,0.0118053760379553,0.618196006631479
24,0.218347638757162,0.647929806816519,0.13372255442632,4,0.733611924108118,0.995089654577896
10,0.970191866116657,0.000456982892697382,0.0293511509906454,1,0.718298979103565,0.126128537813202
18,0.410034787122187,0.343935828782104,0.246029384095709,7,0.450812616851181,0.659174589207396
10,0.719082321559199,0.237293711483465,0.0436239669573358,4,0.468367357971147,0.652546656318009
10,0.655456276088406,0.181185287895949,0.163358436015645,10,0.720047091832384,0.78343743737787
18,0.210773203501372,0.777001061466651,0.0122257350319761,4,0.719307342544198,0.514494412811473
17,0.526466130579814,0.124429919384628,0.349103950035558,9,0.780566734960303,0.029973158147186
24,0.118811893017695,0.261295410402435,0.61989269657987,10,0.642477583838627,0.992911806562915
15,0.0436230657970077,0.806947946997519,0.149428987205473,4,0.354293037205935,0.781428792281076
23,0.181059275898965,0.254385943335154,0.56455478076588,6,0.942166083492339,0.182245975360274
12,0.685492696434777,0.241504524740137,0.0730027788250864,7,0.198426287155598,0.602191329933703
29,0.0588398184167095,0.407897362611014,0.533262818972276,3,0.523607971612364,0.432460816809908
23,0.173954892291142,0.286364719055821,0.539680388653038,2,0.940855461638421,0.177472727140412
30,0.00673261708696872,0.0991340289123715,0.89413335400066,8,0.541029405314475,0.398223524447531
3,0.696709669595875,0.0996212488994999,0.203669081504625,9,0.305702630896121,0.314505234360695
11,0.317410694495001,0.494225502915446,0.188363802589553,7,0.27089882385917,0.494746808428317
17,0.0250463133974807,0.756755090844841,0.218198595757678,7,0.0784720806404948,0.693066859384999
16,0.611630951403205,0.173273484147763,0.215095564449032,10,0.340479619801044,0.123432315886021
13,0.506071231000334,0.0916075924915472,0.402321176508119,4,0.403826102847233,0.245016389526427
10,0.688810239304518,0.02117899043101,0.290010770264472,5,0.375189694110304,0.381188723258674
31,0.00678828990145805,0.290707490719482,0.70250421937906,7,0.647395284846425,0.947014203295112
16,0.551796818434642,0.350799494136291,0.0974036874290672,7,0.805067342240363,0.474155586445704
19,0.225584993714539,0.752635806065606,0.0217792002198552,4,0.00369758787564933,0.609412047313526
17,0.25695176694693,0.268474254057085,0.474573978995985,7,0.831800153013319,0.125965807819739
20,0.3954418386007,0.301003165820829,0.303554995578471,5,0.502419228665531,0.974922133842483
23,0.382474112967873,0.458605824502675,0.158920062529452,8,0.887579863192514,0.0986653780564666
14,0.766764434268977,0.221865751105963,0.0113698146250596,3,0.672975034452975,0.85327659919858
26,0.0800692531791903,0.675619420667386,0.244311326153424,2,0.892972802743316,0.878622733987868
29,0.22825721627645,0.0507895726509595,0.72095321107259,9,0.293360811891034,0.686896255007014
14,0.340019605234193,0.578160228763449,0.0818201660023588,2,0.712382507044822,0.822547896765172
18,0.456057968131474,0.477942948256336,0.0659990836121898,5,0.847676830599084,0.981652139453217
23,0.0531647587456229,0.100864864422931,0.845970376831446,3,0.669200618751347,0.309483351651579
18,0.267290725720176,0.000621323574475492,0.732087950705348,4,0.374318029731512,0.924189950106665
10,0.548061437315816,0.326559327755674,0.12537923492851,4,0.456410436192527,0.653033199952915
8,0.684493202501713,0.184143345751068,0.131363451747219,3,0.60080090817064,0.131434465292841
32,0.122260120649204,0.271571316639338,0.606168562711458,1,0.51427185558714,0.0635471227578819
29,0.0339302878717789,0.487482708890536,0.478587003237686,4,0.358592201489955,0.631847768556327
10,0.1955906304469,0.286309877705105,0.518099491847994,9,0.973145328927785,0.595428886823356
8,0.50059853367054,0.292849893189439,0.206551573140021,10,0.417837074259296,0.543484930880368
16,0.50648531858821,0.107011530668509,0.386503150743281,4,0.8878590001259,0.606711840257049
14,0.506065872709447,0.443080547150669,0.0508535801398838,3,0.77250303607434,0.655692886561155
9,0.476416801264512,0.0233647018144158,0.500218496921072,9,0.827807996422052,0.351249240338802
13,0.493388266596636,0.452491058814068,0.0541206745892965,2,0.061792325694114,0.558026710757986
22,0.214720651283689,0.103368016391402,0.681911332324908,6,0.583121544215828,0.787472176365554
13,0.73867861754647,0.0921054051397211,0.169215977313809,1,0.11180122802034,0.349120802711695
26,0.0597899313519219,0.682796449752219,0.257413618895859,8,0.921597559470683,0.586535949259996
19,0.330092926447748,0.389881599414136,0.280025474138116,8,0.821101566078141,0.756679068086669
12,0.546122381881365,0.235935689066599,0.217941929052036,3,0.728905581403524,0.955450444715098
15,0.122143746738712,0.608486037658018,0.269370215603271,8,0.530424187891185,0.320458454545587
19,0.316990634528028,0.0237763177487369,0.659233047723235,6,0.755459358682856,0.109832163667306
18,0.369370362434037,0.260772667228795,0.369856970337167,7,0.987688040360808,0.581891488516703
17,0.092005632706169,0.390433470873981,0.51756089641985,2,0.0728556097019464,0.639811486937106
23,0.199900433565022,0.523042601969428,0.27705696446555,8,0.237676173681393,0.659538005013019
14,0.0649623907321019,0.865848379071655,0.0691892301962433,9,0.549283316358924,0.914352316176519
15,0.344325418736561,0.597518065040941,0.0581565162224982,8,0.513458478730172,0.0848181997425854
6,0.881263842345466,0.106663526663156,0.0120726309913775,1,0.0530771154444665,0.940380539977923
14,0.318016040621515,0.0401716811040953,0.641812278274389,5,0.682554812636226,0.760058033280075
13,0.0689850444131598,0.414343677107479,0.516671278479361,6,0.80495319282636,0.0943229668773711
23,0.388289268253494,0.302394449234072,0.309316282512434,9,0.633065941045061,0.913526483811438
14,0.500626047363456,0.398658854161675,0.100715098474869,2,0.924396500689909,0.291350586107001
26,0.0432726806023646,0.0458687661576602,0.910858553239975,2,0.0412657675333321,0.306705977767706
16,0.595387261062329,0.393311182115274,0.0113015568223976,9,0.130192304961383,0.102033674251288
23,0.0457532466283592,0.819956546505948,0.134290206865693,3,0.939289493951946,0.0892065493389964
26,0.170646935946446,0.0434168663582225,0.785936197695331,3,0.938105441397056,0.214926908025518
12,0.353521886271662,0.343438665704827,0.303039448023511,2,0.98528031934984,0.0357542219571769
24,0.272192435517217,0.284050284739856,0.443757279742926,9,0.646110872738063,0.765850973781198
26,0.173359482906424,0.407977146549579,0.418663370543997,2,0.739098565187305,0.504609838593751
19,0.398424245999923,0.426196822108277,0.1753789318918,8,0.549637925811112,0.438219972187653
15,0.504162709669257,0.405972603983649,0.0898646863470943,3,0.0314302996266633,0.182068109046668
20,0.230781453728852,0.756763504813104,0.0124550414580442,7,0.162672567181289,0.162403138820082
8,0.773362813532021,0.107676500188334,0.118960686279644,10,0.387084213318303,0.0706819780170918
23,0.386270474035762,0.162700085341496,0.451029440622743,7,0.837354798568413,0.93863350735046
24,0.324373906952857,0.315887924889002,0.35973816815814,5,0.291537085548043,0.0978657228406519
19,0.343685524750644,0.522893736929689,0.133420738319667,7,0.0990142591763288,0.868403689237311
21,0.223248083574243,0.221856138192877,0.55489577823288,8,0.525714677991346,0.121806952403858
19,0.449264466775388,0.115091682476293,0.435643850748319,1,0.709186050342396,0.0280084030237049
12,0.216504746026595,0.352284882821428,0.431210371151977,2,0.259279860416427,0.515830500749871
10,0.715997433709806,0.158510638179644,0.125491928110551,6,0.0563293450977653,0.304957071319222
8,0.85144052653374,0.0871691939750078,0.061390279491252,5,0.249011490261182,0.274696117034182
17,0.18266159529482,0.0225055370305649,0.794832867674615,3,0.0204200809821486,0.962284197797999
14,0.289834492503241,0.216191307336861,0.493974200159898,5,0.0831464459188282,0.748038470512256
17,0.306162534630339,0.0232935881598593,0.670543877209801,1,0.946614378830418,0.130595603957772
25,0.119271359782072,0.339012142922241,0.541716497295686,10,0.527582585113123,0.495770786190405
23,0.0492883938871729,0.727076405701764,0.223635200411063,5,0.420629341620952,0.883648737566546
26,0.0997667824691431,0.1137275517674,0.786505665763456,1,0.0797455532010645,0.721901645185426
16,0.329890179699928,0.133238360698402,0.536871459601669,9,0.604328674031422,0.212304903194308
5,0.827397385609865,0.0563768153091606,0.116225799080974,1,0.194080265704542,0.675627354765311
19,0.276994110272202,0.226908104387627,0.496097785340172,8,0.238460812717676,0.465702014509588
17,0.0207235042647924,0.90174640650386,0.0775300892313481,6,0.0062307973857969,0.742214985191822
28,0.034286613658014,0.0918245288538708,0.873888857488115,2,0.486175324302167,0.542522680480033
20,0.422965834054662,0.417452076483172,0.159582089462166,7,0.0724906229879707,0.436408435925841
13,0.495841408315083,0.297925222768639,0.206233368916278,8,0.199640362057835,0.904071927303448
33,0.0814590007292574,0.244233856538234,0.674307142732508,10,0.828947928035632,0.954585944768041
14,0.483169063967469,0.397835620521027,0.118995315511504,1,0.200555785093457,0.159586328314617
23,0.0164933653141804,0.340506296185353,0.643000338500467,1,0.91497805272229,0.5419505268801
25,0.154278087280882,0.339861286840902,0.505860625878215,7,0.602653865935281,0.901761014014482
21,0.106507313434398,0.754186776176581,0.139305910389021,5,0.0857409082818776,0.343232410261407
14,0.446093052047022,0.0200331466759057,0.533873801277073,4,0.290991949150339,0.702262808103114
19,0.11072940881963,0.678277975370413,0.210992615809957,3,0.0448948848061264,0.279186392202973
12,0.343338600103576,0.252244101490533,0.40441729840589,3,0.107129300013185,0.537201251834631
16,0.245818286466319,0.477126228549485,0.277055484984196,8,0.502414165763184,0.380677250912413
15,0.238898296532129,0.504530990790285,0.256570712677585,9,0.903866109671071,0.474691831041127
17,0.364108311210285,0.515226369128411,0.120665319661305,7,0.263407346094027,0.469172800891101
10,0.837156973960387,0.158765382890241,0.00407764314937274,6,0.445182259427384,0.265816122293472
22,0.0706859452167631,0.798644437745068,0.130669617038169,7,0.684266366064548,0.682017788989469
13,0.478817620764125,0.112717573751551,0.408464805484324,5,0.871465944685042,0.515760563546792
24,0.0869461222323698,0.881019004064653,0.0320348737029768,10,0.552670571953058,0.485866052331403
34,0.0103170551915353,0.31257232978141,0.677110615027055,7,0.85403917520307,0.730777392396703
18,0.188497657610089,0.790589253110383,0.0209130892795283,8,0.422961416421458,0.25334446458146
27,0.379412427165513,0.348297610603197,0.27228996223129,3,0.723000991623849,0.1891898305621
15,0.418138233037089,0.360625699507646,0.221236067455265,3,0.989722281694412,0.51336018787697
19,0.269421420509732,0.142508625252409,0.588069954237859,3,0.325612698215991,0.759129797108471
17,0.224833653620096,0.69931259624355,0.0758537501363534,10,0.0180401601828635,0.553745793644339
29,0.351306419262248,0.147222469822138,0.501471110915614,6,0.81546545936726,0.169816727284342
19,0.506113796542574,0.105733592512591,0.388152610944835,2,0.312112384475768,0.275890205055475
25,0.297817198416158,0.521837504780759,0.180345296803084,4,0.695594870718196,0.528214686783031
19,0.249249032372158,0.630471699478115,0.120279268149727,4,0.0447069592773914,0.607762485044077
12,0.499254021063804,0.110057517556001,0.390688461380195,4,0.959427571389824,0.499800691381097
18,0.352998075225799,0.227415163483449,0.419586761290752,3,0.335702824406326,0.623892361065373
27,0.0708336511961755,0.444407397056052,0.484758951747773,7,0.922351598273963,0.809410686837509
9,0.426224313825855,0.461819719906851,0.111955966267295,5,0.539250646019354,0.139120556879789
19,0.0121979753816408,0.867546819328317,0.120255205290042,1,0.890224825125188,0.883949973853305
7,0.669236307824433,0.312291581114059,0.0184721110615079,3,0.307503528427333,0.466670355061069
17,0.233709853381382,0.500000798488429,0.266289348130189,6,0.642646531108767,0.536088526481763
13,0.733952294777873,0.0321617944250741,0.233885910797053,2,0.386474067112431,0.386517340317369
30,0.107920213017414,0.399903690403327,0.492176096579259,5,0.00775542762130499,0.950220699654892
15,0.536920895546093,0.087671996987998,0.375407107465909,1,0.40011966205202,0.459927333518863
27,0.0070778290038673,0.370942143512847,0.621980027483286,9,0.016537873307243,0.428430426400155
19,0.256668139911504,0.256500260931262,0.486831599157234,2,0.078262297436595,0.716007996816188
15,0.203374733017029,0.625422590617906,0.171202676365065,10,0.0415504863485694,0.470002424903214
20,0.227100403933142,0.0790362516122036,0.693863344454654,1,0.0115721798501909,0.609347998863086
19,0.354765718723475,0.376955190643629,0.268279090632896,2,0.778987690806389,0.30620006704703
35,0.198252546415534,0.100739975952796,0.70100747763167,6,0.423253042856231,0.224801331060007
19,0.0524021581343752,0.508174344387461,0.439423497478164,5,0.334285972639918,0.436176285380498
12,0.841949005344103,0.0372299669557549,0.120821027700142,7,0.716034980025142,0.940010671736673
13,0.25519986159823,0.662168906324339,0.0826312320774306,8,0.867546911817044,0.161188818048686
12,0.297494169855444,0.531910312925416,0.17059551721914,8,0.853207149775699,0.819636629428715
19,0.23245020975647,0.424080821054306,0.343468969189224,7,0.0992195811122656,0.0250338381156325
26,0.0765227603617541,0.612423366667555,0.311053872970691,5,0.949293413432315,0.853684827219695
8,0.764170596454622,0.0554432061177395,0.180386197427638,7,0.242804892593995,0.777407518122345
18,0.105016663917844,0.56229866142849,0.332684674653666,1,0.731955317314714,0.404536636080593
6,0.722221794868517,0.142948344773301,0.134829860358182,2,0.640661593526602,0.718339866260067
30,0.0622782156155549,0.702199872885311,0.235521911499134,1,0.589172158390284,0.128198362886906
22,0.0397837077724087,0.524103618808105,0.436112673419487,6,0.0360491315368563,0.450273025780916
27,0.106916459450415,0.0176822345602639,0.875401305989321,9,0.780547585105523,0.0103880977258086
14,0.446065223844747,0.141424154475585,0.412510621679668,9,0.837048417655751,0.747060971101746
19,0.379425780434686,0.222998418218776,0.397575801346538,7,0.501856117509305,0.877606632886454
26,0.0533043793661641,0.642645741539254,0.304049879094582,4,0.887818249640986,0.169492361601442
39,0.218604300074611,0.103626780568468,0.67776891935692,4,0.638868335867301,0.0977741512469947
19,0.580100018565878,0.110571427720398,0.309328553713723,5,0.513593879994005,0.689414450665936
31,0.00720480869169801,0.171828206585062,0.82096698472324,8,0.221488849027082,0.547038440359756
16,0.0771474684261288,0.680837956934438,0.242014574639433,1,0.695125863654539,0.0733598410151899
21,0.277163083387814,0.57138247905666,0.151454437555526,5,0.200080253882334,0.301956274779513
22,0.082335946948309,0.0385377786088493,0.879126274442842,7,0.392739485250786,0.613170000026003
18,0.0583059361077617,0.933060242809557,0.00863382108268149,9,0.616659689694643,0.469247701112181
15,0.179851413945652,0.803606009554699,0.0165425764996491,2,0.296471737790853,0.203365554567426
9,0.599153677140187,0.313157159793557,0.0876891630662561,2,0.495159381069243,0.171147150686011
15,0.45685523693921,0.0547189265662725,0.488425836494518,6,0.848174213897437,0.653914918657392
18,0.362285001931066,0.0824896955943319,0.555225302474602,2,0.760306788375601,0.420797818573192
7,0.731677328455585,0.101060024438263,0.167262647106152,3,0.861867289990187,0.20139248482883
22,0.277071239430907,0.323371814305853,0.399556946263241,4,0.508152529364452,0.434886829229072
23,0.180037327890886,0.28347810547926,0.536484566629854,3,0.965163701679558,0.781938549131155
18,0.213278208088226,0.58625552398489,0.200466267926884,10,0.725126825273037,0.841982057318091
18,0.0263307256902779,0.919052184712278,0.0546170895974444,4,0.283091187244281,0.645533269504085
14,0.525243926219216,0.0710693112430554,0.403686762537729,10,0.454738663509488,0.658984425477684
23,0.282472859087883,0.130918026009257,0.58660911490286,5,0.248311006464064,0.114723775302991
11,0.778709872676994,0.0249012903444632,0.196388836978542,7,0.0930361729115248,0.546104879118502
13,0.115601389566914,0.685586686478117,0.198811923954969,6,0.445101429941133,0.426776342326775
24,0.00853054947035611,0.621211400319926,0.370258050209718,10,0.419783463701606,0.357826884835958
25,0.17001327598761,0.303355755575356,0.526630968437035,7,0.944887639721856,0.406318837078288
14,0.442619844143593,0.263468367492588,0.293911788363819,10,0.91831954033114,0.919442487880588
18,0.458009557471437,0.0174360292202414,0.524554413308321,10,0.842150197597221,0.417858816916123
36,0.130206300752433,0.0443568707239685,0.825436828523599,4,0.778078968403861,0.0458541724365205
13,0.426258816596118,0.162728924369415,0.411012259034467,1,0.574929747264832,0.916631384752691
26,0.455537223058482,0.281054713996579,0.26340806294494,8,0.784631815040484,0.769983041565865
9,0.559213331421092,0.0228639724920579,0.41792269608685,4,0.832654982339591,0.527064069639891
32,0.0891258311268818,0.461028647390273,0.449845521482846,9,0.867922338657081,0.504683293169364
19,0.193967602215332,0.185534817544963,0.620497580239705,2,0.908007042249665,0.315158751094714
10,0.513360662489967,0.0893008276164079,0.397338509893625,8,0.328423018334433,0.78919536457397
15,0.195596574155277,0.224529726278002,0.579873699566721,1,0.597777103073895,0.58919069240801
10,0.630757139276198,0.298195718881535,0.0710471418422667,4,0.240653054555878,0.623464250471443
11,0.459627306627691,0.339861081736095,0.200511611636214,9,0.590820689452812,0.981040407903492
8,0.482080780667847,0.490460766940569,0.0274584523915839,10,0.29092736216262,0.741745024453849
11,0.875236881589219,0.0812928993267714,0.0434702190840099,7,0.578328743344173,0.293593215290457
20,0.528404737902022,0.354140188192515,0.117455073905462,10,0.34240578697063,0.165960526792333
26,0.337557395209841,0.610576062467189,0.0518665423229698,6,0.691197609528899,0.623227434698492
17,0.528653857215318,0.424997932888351,0.0463482098963306,3,0.307635343633592,0.0423556871246547
17,0.262706139342191,0.412827708941411,0.324466151716398,8,0.105611692881212,0.991812539286911
21,0.0489982831532868,0.641953784159075,0.309047932687638,2,0.48935214872472,0.751134607940912
13,0.69068541202242,0.263823634997582,0.0454909529799978,4,0.719438966130838,0.282077296171337
14,0.641379867698168,0.297746874543612,0.0608732577582203,7,0.192260921467096,0.713089916622266
